Note,Commentaire,Label
5,dima nekhouh wou naawd,Positif
5,j\’adore,Positif
4,mche maya,Positif
5,je recommande,Positif
5,le prix est très raisonnable,Positif
4,j aime ce produit et surtout ce grand format c’est assez suffisant pour un usage familiale quotidien,Positif
5,good quality.,Positif
5,mon produit,Positif
5,good quality,Positif
5,le meilleur des gels lavants,Positif
5,excellent produit,Positif
4,je recommande vivement,Positif
4,doux,Positif
5,top,Positif
4,toooop,Positif
4,un produit top,Positif
3,bon produit,Positif
4,good,Positif
5,topp,Positif
4,bien,Positif
5,tooooop,Positif
5,rapport qualité prix excellent ,Positif
3,j’adore,Positif
5,j’adooore,Positif
5,jaime,Positif
4,super,Positif
5,tooop,Positif
4,quantité très généreuse par rapport au prix,Positif
4,superrr,Positif
5,coup de coeur,Positif
5,top du top,Positif
3,to,Positif
5,meilleur tarif,Positif
5,toppp,Positif
5,top top,Positif
5,la meilleure,Positif
4,je l’utilise pour ma fille de 6 ans elle a la peau sèche il est très bien ,Positif
5,mon coup de coeur!,Positif
5,nice,Positif
5,yhabel,Positif
5,waw,Positif
5,good product,Positif
4,je le recommande ,Positif
5,brsmi mahleh w me ychayehch l peau w douce je recommande,Positif
4,<3,Positif
4,format tkafi w twaffi,Positif
2,bien pr tt la famille,Neutre
5,je valide,Positif
4,parfait pour usage familiale,Positif
5,in love,Positif
5,very good,Positif
5,the best,Positif
5,tayara !,Positif
5,rapport qualité prix excellent,Positif
4,hayel,Positif
5,tres bien pour peau grasse,Positif
5,très bien,Positif
4,excellent,Positif
5,tayara,Positif
5,tayaraaa,Positif
5,il est top,Positif
5,excellent !!!!,Positif
3,tayara,Positif
5,très efficace,Positif
4,extraordinaire sensation de frais,Positif
5,votre peau grasse needs it !,Positif
4,raw3aaaaaaaa ,Positif
5,toppppp,Positif
5,mon gel préféré !,Positif
5,très bon,Positif
5,j’ai utilisé svr sebiacleau ma peau est grasse a imperfections et je l’utilise depuis t 2 ans,Positif
2,over qualified,Neutre
4,parfait,Positif
5,love it,Positif
3,très bien !,Positif
5,mon coup de coeur ,Positif
5,mon préféré,Positif
5,top!,Positif
4,si t’as des boutons c’est la solution ,Positif
4,the best ,Positif
4,sooo good,Positif
4,every girls best friend,Positif
4,j’adore ,Positif
4,theee best ,Positif
4,je recommande le produit,Positif
3,oui,Positif
5,un bon gel netteoyant rapport qualité prix est au top,Positif
5,tayaraaaa,Positif
4,literally ahsen mafama,Positif
1,non pour moi,Négatif
3,bech njarbo,Positif
1,c’est pas trés efficace pour moi tala3li 7ab,Négatif
3,ca passe,Positif
3,un peu asséchant,Positif
5,j’adore,Positif
5,très efficace je recommande vivement,Positif
1,nest3mlou w n3tykm elfeedback,Négatif
4,efficace..,Positif
4,magnifique,Positif
4,efficace,Positif
5,le produit est top,Positif
5,tayaraaa alekherrr,Positif
5,excellent !!!,Positif
5,good quality.  supeeer,Positif
5,produit top,Positif
4,je recommande ,Positif
4,pas mal,Positif
4,behiya,Positif
2,amour,Neutre
4,efficacité top,Positif
5,le produit est découvert  top,Positif
3,bon produit pour peau sèche,Positif
4,tpo,Positif
2,u,Neutre
4,bon produit.,Positif
5,إكتشاف,Positif
5,ta7foun 3alle5er,Positif
4,excellent remplacement pour cerave car ce n’est pas pour boycotter,Positif
5,produit efficace,Positif
5,wow,Positif
5,très efficace pour peau grassse a tendance acnéique !,Positif
5,ce gel est juste magnifique,Positif
4,for oily acne prone skin ,Positif
5,très bon produit,Positif
5,super top,Positif
3,​​,Positif
5,efficace pour peau grasse,Positif
3,bon x pas un excellent produit mais il fait l’affaire,Positif
5,toopppp,Positif
4,"je recommande vivement , top",Positif
5,tarif intéressant,Positif
4,tres efficase,Positif
5,effective and lightens dark spots,Positif
5,très très bon,Positif
5,trop cher malheureusement,Positif
4,raw3a malgrés cher mais efficace pour les taches brunes,Positif
4,cher mais efficase,Positif
4,très efficace pour les tâches brunes,Positif
5,j’adore je recommande,Positif
5,tres efficace,Positif
5,يعطي نتيجة من أول إستعمال,Positif
5,très bon produit et efficace,Positif
1,très cher pour son efficacité ça ne marche pas aussi simple que ça,Négatif
5,trés efficace,Positif
5,toop,Positif
5,efficace contre les tavhes sans irritation,Positif
5,miraculeux,Positif
5,j‘adore,Positif
5,j’ai trouvé de bons résultats avec ce produit qui m’a enlevé les taches brunes,Positif
3,le rapport qualité prix est non équilibré,Positif
2,ghali,Neutre
3,"il est bon en combiant avec une creme hydratante
mais il est un peu chere",Positif
5,produit parfait pour réduire les taches,Positif
5,vraiment top avec continuation,Positif
5,je recommande top du top,Positif
5,excellent le meilleur,Positif
5,ce soin est très efficace,Positif
5,rop,Positif
5,incroyable,Positif
4,moins efficace que le serum,Positif
5,top je recommande fortement,Positif
5,nice product,Positif
5,franchement toppp,Positif
5,ejebni bech nawed menou,Positif
5,encore dispo??,Positif
5,behi barcha,Positif
5,coup de cœur ,Positif
5,bon site,Positif
5,top de top,Positif
5,top,Positif
4,bon nettoyant,Positif
5,coup de cœur  toooooppp,Positif
5,el gamme el cool mta3 la roche posay tayyaraa,Positif
5,le meilleur,Positif
5,tahfoun,Positif
1,nul déconseillé pour la peau sèche.,Négatif
5,top ,Positif
5,behi lil wjeh li yztet,Positif
5,parfait pour une peau mixte à grasse,Positif
5,tayara mchee m3aya ena peau grasses,Positif
4,adorable,Positif
5,top one,Positif
5,just waaaaaw ,Positif
1,ye,Négatif
5,mcha m3aya,Positif
5,il a une texture très visqueuse,Positif
5,le meilleure,Positif
5,i love it,Positif
5,mezel andkom menou?,Positif
5,soum behii,Positif
5,nheb wehed ekher,Positif
5,trés efficace pour peaux grasses,Positif
5,le meilleur gel nettoyent pour le peaux grasse,Positif
4,top produit,Positif
5,ynadhef,Positif
3,behy ama sa3at n7essou yshaya7 barsha lezmou m3ah crème hydratante adéquate,Positif
4,parfait pour peau grasse,Positif
2,ychaya7 barcha,Neutre
4,j’aime,Positif
5,meilleure gamme,Positif
3,ynadhef l peau bl behi,Positif
4,ynadhef mli7 w ychaya7 el wejh,Positif
4,top yoktel,Positif
2,convient mieux aux peaux grasses pas sensibles.gamma trop parfumée et irritante. pas catastrophique,Neutre
5,top top ,Positif
4,toop ,Positif
5,excellent pour les peaux mixtes,Positif
5,svr toujours au top,Positif
1,just for oily skin,Négatif
4,j’addoooreee,Positif
3,mche m3aya,Positif
3,ok,Positif
1,cv,Négatif
4,seulement pour peaux grasses! à éviter pour les peux normales à sèches,Positif
4,"top du top ,,",Positif
5,depuis 15 ans,Positif
5,produit top de top,Positif
5,the best ,Positif
4,a recommander,Positif
4,…..f,Positif
4,bon qualité-prix,Positif
5,c’est magnifique pour la peau grasse,Positif
5,mchee maaya,Positif
5,yaser ta7foun peau mixte,Positif
5,parfait pour peaux grasses,Positif
5,perfect for oily skin,Positif
4,9alou behy ,Positif
4,bon rapport qualité prix,Positif
2,pas trop,Neutre
5,dispo?,Positif
5,topppp,Positif
4,super ,Positif
4,excellent gel nettoyant,Positif
4,très bn produit,Positif
4,il est trop bien pour une peau mixte à grasse,Positif
1,ychaya7 peau barcha,Négatif
4,behii lil peau grasse ama yeser ychaya7 wejh lil peau normale,Positif
5,loove ,Positif
3,il y a beaucoup mieux pour le prix,Positif
4,ken peau sèche ychaya7ha ale5r,Positif
5,"les dermatologues l’aiment. un bon produit, n’enlève pas le maquillage super bien. mais c’est parce qu’il est très doux. accompagner par une eau micellaire avant.",Positif
5,gooooldd,Positif
5,top top top,Positif
4,rapport qualité prix acceptable. je conseille la grande taille.,Positif
4,qualité incroyable je recommande,Positif
3,i like it,Positif
5,parfait pour une peau mixte,Positif
4,surprisiingly gentle,Positif
5,perfect,Positif
3,efficace pour peaux acnéique,Positif
5,tahfoun wmche maya,Positif
4,yecer tayara franchement,Positif
5,à utiliser sans hésitation,Positif
5,toujours disponible?,Positif
5,vraiment top !,Positif
5,je recommande !,Positif
5,mche maya alekher,Positif
5,bonne qualité,Positif
4,il est bien mais je préfère l’huile lavante pour peau sèche,Positif
5,je recommande pour toute la famille,Positif
5,vraiment top,Positif
4,"smells so good
refreshing",Positif
5,top sur tout pour les peaux sensibles,Positif
5,je le recommande,Positif
5,j’ai été surprise par la quantité généreuse du produit et surtout la bonne odeur du gel,Positif
5,top pour le peau sèche,Positif
4,"pour le corps, pour le visage non",Positif
5,meilleur produit,Positif
1,"moch tayara lha9 mamchach m3aya
tala3li hbob fi wejhi",Négatif
5,the best hydration cream excellent result excellent excellent in everything,Positif
5,hydratant et elle a un effet matifiant à la fois j’adore,Positif
4,bien pour peau grasse,Positif
4,apaisante et anti marques comme promis. idéale pour accompagner un traitement curacné. peut être trop lourde peut être à cause du beurre de shea. l’une des rares crèmes contenant niacinamide + céramides en tunisie.,Positif
5,goood meilleur hydratation,Positif
5,produit de haute hydratation,Positif
4,il est bien pour la peau grasse,Positif
3,mieux que les autres,Positif
4,crème hydratante excellente pour peux grasse,Positif
5,"répare et apaise la peau, aide à réduire les marques.",Positif
5,trop bon,Positif
4,good composition,Positif
5,"j’adore le produit, il est tres hydratant et donne un effet matifiant à la fois.",Positif
5,wakteh toufa la promo?,Positif
5,my favourite,Positif
5,franchement produit tayara,Positif
5,très efficace!,Positif
4,aaa,Positif
5,résultat efficace !,Positif
4,juste wawww,Positif
5,approuvé,Positif
5,testé et approuvé,Positif
3,behyy aalkhr,Positif
3,tres bien,Positif
5,je le recommande vivement,Positif
5,j’aime trop il hydrate au profond !,Positif
4,magnifique produit ,Positif
5,hydratation totale merci beaucoup,Positif
5,il fonctionne comme la magie,Positif
3,hydratation moyenne. pas d’effet visible sur la peau.,Positif
5,andi barcha nestamel fih,Positif
4,"parmis les meilleurs, top malgré ma peau grasse mche m3aya",Positif
5,j’adore mais pour les peaux non sensibles,Positif
4,"not for everyday, but good",Positif
5,excellent résultat en seulement 15 jour,Positif
5,soin de jour efficace avec son  ecran,Positif
4,beau tarif ,Positif
5,the best for me ,Positif
5,khthitou ejebni !,Positif
5,top la promo !,Positif
5,behi,Positif
4,j’ai aimé,Positif
4,parfait lel peaux grasses,Positif
4,good for mixed skin,Positif
4,top mais il y a mieux,Positif
5,mezel en rupture?,Positif
5,je l\’ai utilisé il est bien,Positif
5,super produit à essayer,Positif
5,100% je l’utilise toujours,Positif
5,jarbetou behy lél peau sèche,Positif
3,ce n’est pas un gel nettoyant quotidien pour peau mixte. à réserver aux peaux plutôt sèches intolérantes atopiques etc… ou en gel douche.,Positif
5,j’aime ce produit,Positif
5,parfait pour la peau séche,Positif
5,…,Positif
4,……….n..m…,Positif
5,super produit,Positif
5,my favourite ,Positif
4,ce que j’aime ,Positif
5,je veux repasser commande,Positif
5,my fav !,Positif
4,remplace le.fond de teint,Positif
4,toppppp  tamchi maae beau bidhaa sinon kn samra chwaya je conseille khoudh medium,Positif
4,mech khayeb,Positif
4,texture ejbtnich barcha,Positif
3,what are these shades svr ? ,Positif
4,tres bien et hydratante,Positif
2,moyen,Neutre
4,bonne,Positif
3,parfum suffocant,Positif
4,idéal pour une peau normale!,Positif
1,pas pour les peaux grasses,Négatif
5,efficace je recommande vivement,Positif
4,il améliore nettement la qualité de la peau,Positif
4,yekhou wa9t bch tla7edh résultat,Positif
4,efficase,Positif
5,je recommande !!!waw,Positif
4,efficace ,Positif
5,efficace je recommande !,Positif
5,yna9es l boutons n7otou f lil f nhar nal9aha tfet,Positif
4,efficace !,Positif
5,excellent produit!!,Positif
4,efficace pour les traces,Positif
5,produit magique je le recommande vivement,Positif
5,on l a utilisé pour une teratospermie severe 2% on apres 4 mois ca passe a 5% . je recommande,Positif
5,bons produits conformes à mes attentes et livraison au top ; je recommande vivement,Positif
5,produit excellent,Positif
5,الافضل تاثيرا لجودة الحيوانات المنوية مع الانتظام في تناوله لمدة لا تتجاوز 3 اشهر يقع خلالها الحمل باذن الله,Positif
5,المشكل الوحيد هو الثمن مرتفع جدا,Positif
4,good je recommande,Positif
5,منتج رائع جدا و مفيد,Positif
5,ejbetni el texture mteou,Positif
5,tayaraa alekher,Positif
5,ce que j’aime le plus c est que ce produit apporte un toucher sec a la peau et c’est genial car on aime pas que la texture sois grasse sur le visage,Positif
4,texture behya barcha,Positif
4,bonne texture,Positif
5,mayzarra9ch,Positif
5,un coup de coeur,Positif
4,best one ever,Positif
5,meilleur texture,Positif
5,aspect tahfoun,Positif
5,heyla,Positif
4,bon,Positif
4,texture agréable,Positif
5,mon indispensable,Positif
5,texture ,Positif
4,tres bon,Positif
4,texture top,Positif
3,son effet est bien mais pas pour les peaux hyper grasses,Positif
5,best one so far ,Positif
4,yhaball ama fih effet orange,Positif
4,texture ejbetni mais ma ysee3dch barcha  les peaux grasses,Positif
4,super pour les peaux grasses,Positif
5,texture tayara,Positif
5,couvrante excellente,Positif
5,magic sun secure,Positif
5,excellent choix pour protéger ma peau,Positif
5,j’aime la texture. bon rapport qualité prix.,Positif
5,l’excellence du produit iconique svr sun secure blur avec une teinte matifiante exceptionnelle,Positif
5,bonne mine,Positif
5,mahleh,Positif
4,thé best,Positif
5,la texture toop,Positif
5,yhabal aman,Positif
5,je recommande cet article vivement,Positif
5,bien ,Positif
5,"top ! leger, invisible et toucher sec",Positif
5,le meilleur écran  mais le seul problème c’est le parfum qui me pique les yeux !,Positif
4,all around good product,Positif
5,texture fine w ta3ty effet naturel,Positif
5,excellente,Positif
5,nekmandi dima menou behi,Positif
5,je recommande bientôt,Positif
5,je recommande vivement !!,Positif
5,exellente pour les peaux sensible,Positif
5,dispo !!,Positif
5,j’adore ce produit,Positif
5,meilleurs écran pour peaux mixte je l utilisé depuis deux ans  toucher velouté et au niveau protection elle est parfaite j adore ,Positif
5,excellent pour les peaux sensibles et grasses,Positif
5,ahssen écran lel peau mixte à grasse,Positif
5,excellente protection,Positif
5,top je recommande,Positif
5,la meilleur,Positif
5,j’adore la protection,Positif
5,c’est le meilleur,Positif
5,des  prix raisonnables,Positif
5,les prix sont intéressants,Positif
5,أسوان راءعة,Positif
4,behya lil peau grâce,Positif
5,parfaite pour une mixte à grasse,Positif
5,excellent pour les peaux grasses !,Positif
5,tayara llpeau grasses,Positif
5,top top a9wa écran sta3mltha,Positif
5,ساعدني باش نحمي روحي من الشمس,Positif
5,produit tooop,Positif
4,top par experience,Positif
5,je recommande vivement top du top,Positif
5,j’aime bien,Positif
5,excellent pour peau grasse ,Positif
5,texture mahleha ,Positif
5,tpp,Positif
5,super produit merci!!,Positif
5,the best everr ,Positif
4,raw3a,Positif
5,top merci,Positif
5,je bien recommande,Positif
4,il aide à fortifier les ongles et le cheveux,Positif
5,il m’aide à fortifier les ongles et le cheveux,Positif
5,qualité top,Positif
5,gooddd,Positif
4,démunie les boutons,Positif
3,qualité fort doppelherz,Positif
4,normal,Positif
5,recommandé par un gynécologue,Positif
5,très bonne qualité,Positif
5,produit de haute qualite,Positif
5,un bon produit pour la fertilité,Positif
4,ke recommande pour les diabete,Positif
5,top,Positif
5,le meilleur produit de sa catégorie,Positif
5,comment l\’utiliser?,Positif
5,je continue à acheter ce produit,Positif
5,prix très raisonnable,Positif
5,the perfect one  for oily skin,Positif
5,l’indispensable de l’été très bonne protection,Positif
4,prix raisonnable pour un excellent produit,Positif
4,magnifique!,Positif
5,جيد,Positif
5,جيد جدا,Positif
5,incr !,Positif
5,my favorite,Positif
4,toopp,Positif
5,top du top celui ci,Positif
5,b1,Positif
4,bn prd,Positif
5,rafraîchissant ,Positif
5,j’adore cette eau thermes de la marque avène pour la sensation de fraicheur qu’elle me donne,Positif
5,"cette eau thermale est indispensable pendant l’été ! a la plage, après avoir conduit sous le soleil, à la sortie d’un hammam, je l’utilise pour moi et pour mes enfants, et elle est top !",Positif
5,"je le confirme, elle m’est indispensable en été, j’ai essayé une autre eau thermale, mais elle n’est pas comme l’avene, je le recommande vivement",Positif
5,hydratation ,Positif
5,trs efficase,Positif
5,avene top,Positif
4,frais et bon,Positif
5,elle rafraîchit comme pas possible,Positif
5,excellent ,Positif
5,"apres un coup de soleil, tres efficace, apaisant et rafraichissant",Positif
4, tooop,Positif
3,just water but good,Positif
5,impeccable produit  benifits sur le peau je recommande,Positif
5,good quality. tayara,Positif
5,"mche maaya, ychaya7 l 7ab w ma ychay7ch l wejh",Positif
5,a9wa gel nettoyant <3 <3,Positif
5,merci beaucoup,Positif
3,parfait pour les peaux mixtes sauf que c’est une marque à boycotter dorénavant,Positif
5,top de top ,Positif
4,magnifique ,Positif
1,no,Négatif
3,its great,Positif
5,nettoie et hydrate bien la peau.,Positif
2,tal3li 7boub ta7t l jelda,Neutre
4,bonne qualité.,Positif
5,tres efficace je l achete tjr,Positif
5,ahssen produit jarabet des marques okhrin houa haja okhra d’ailleurs dermatologue hiya eli katli 3lih we jarabtou we mandemtech,Positif
5,topp du top,Positif
5,produit tayara,Positif
4,top ,Positif
5,bien eficace,Positif
5,top par expérience,Positif
5,topp du toop,Positif
5,mon produit  préféré,Positif
2,simple hydratation,Neutre
5,hydratant ,Positif
5,hydrate bien sans laisser des traces sur le visage.,Positif
4,j’ai trop aimé,Positif
5,"ahsen creme hydratante 619
non sticky
mafihech rihet parfum kweya",Positif
2,ma ejbetnich barcha simple,Neutre
5,mchet m3aya bel behiii,Positif
5,hydrate  bien,Positif
5,hylaaa ,Positif
5,100% ,Positif
4,nheb nzid nechri menou,Positif
5,jadoree,Positif
5,good quality ,Positif
5,je l’utilise depuis plusieurs années.très efficace pour éclairer les taches brunes et non piquante aux yeux,Positif
5,jadoreee,Positif
5,éclat magnifique,Positif
5,mahlehh,Positif
5,khfif aal wejh alekher et nettoie bien w 3aweni bch nfateh wjhi w hatta les trace d’acné f modda 9sira brsmi toooooopp blch moubel8a,Positif
5,"baume cerave hydratante, je l’utilise pour mon visage, j’ai la peau très sensible à sèche, elle est juste parfaite ",Positif
5,meilleur baume hydratant que je utiliser ,Positif
5,magnifique ,Positif
5,parfaite ,Positif
5,yrateb l bdan wl wejh bl behi,Positif
5,magnifique ,Positif
5,impeccable ,Positif
5,magnifique je l’utilise depuis des années,Positif
4,très efficace pour peau grasse ou normale,Positif
5,magnifique ,Positif
5,",……………",Positif
4,g g….gg…….g,Positif
4,incroyable  ,Positif
5,topppo,Positif
5,une tuerie,Positif
5,validé,Positif
4,behy lel peau sèche et sensible,Positif
5,love,Positif
5,je le recommande très fort,Positif
4,good cleanser,Positif
5,je recommande surtt pour les boutons et les boules de graisse,Positif
4,behi barsha,Positif
4,good one,Positif
5,je recommande!,Positif
4,waww,Positif
5,"trés bon produit, difference remarquée dans les deux premieres semaines d’utilisation",Positif
5,nettoie en profondeur wow,Positif
4,pour les peaux normale à mixtes,Positif
5,mon coup de coeur,Positif
4,heyeel,Positif
5,super prix très raisonnable,Positif
5,3jbni brcha,Positif
4,behia,Positif
5,"génial comme écran, la texture est top",Positif
5,goodd,Positif
4,c’est superbe,Positif
3,behya,Positif
5,qualité top,Positif
5,tres bonne qualiée vraiment !!!!,Positif
4,ttttop,Positif
5,toujours au top,Positif
5,wesletni lcommande ayechkom,Positif
4,efficace mais je ne le conseille pas aux peaux sensibles,Positif
5,waaawh,Positif
4,effet visible à partir de deux mois d’utilisation,Positif
4,aswemkom raisonnable,Positif
5,"se sent hydratant , très eclaircissant et donne des resultats wow",Positif
3,déconseillé aux peaux sensibles,Positif
5,le meilleur : visage éclairé,Positif
4,ta7foun,Positif
4,y3ti éclat lil wejh ama mayn7ch trace d’acné,Positif
1,aucun effet,Négatif
5,"top, ya3ti éclat fl wejh w yna9es m trace l 7ab w les tâches brunes",Positif
4,pas mal il donne un éclat au visage il faut être assidu pour remarquer un résultat,Positif
2,"mamchech avec mon type de peau peut être, texture un peu lourde sur ma peau j’ai eu des boutons",Neutre
5,à recommandé,Positif
5,big fan,Positif
5,éclat magique,Positif
5,produit top top,Positif
5,merci . très efficace,Positif
4,tyara,Positif
5,un produit de grande éclate,Positif
5,c le meilleur ,Positif
5,"bon produit ,donne un petit coup d éclat au teint terne
mon conseil d’utilisation :
a appliquer sous la crème solaire pour plus d’efficacité",Positif
4,il faut persévérer  résultat garanti mais après deux mois d’utilisation,Positif
5,magique,Positif
5,éclat visible et peau plus fraîche après application.,Positif
4,good vitamin c,Positif
3,svr top,Positif
5,ce produit est top ,Positif
3,metwaset,Positif
5,tooo,Positif
4,coup d’éclat remarquable avec le temps,Positif
1,pas pour peau grasse,Négatif
4,top rapport qualité prix,Positif
4,gooooood,Positif
5,le meilleur serum vitamine c à partir men troisième jours tchouf changement fel peau ya3yti effet éclat,Positif
4,résultat bluffant,Positif
4,behy brcha ll les boutons,Positif
5,it’s sooo good so far jarbto 9bl o twa bch n3awed mno 5tr howa lw7id li 7asito y5dem bl bhi 3la skin mtei,Positif
5,je l’ai utilisé auparavant et il vas très bien avec ma peau il m’a réduit les acnés je le recommande pour les peaux mixtes à grasses à tendance acnéique,Positif
5,toujours aven,Positif
5,tayara youfa nechri wehed e5er il s’accorde parfaitement avec ma peau,Positif
4,bahya ll les points noirs !,Positif
5,"efficace to9tel l7boub
 je recommande",Positif
4,je l’utilise avec l’acide salicylique pour mes boutons et c’est très efficace,Positif
5,excellent je viens de l’acheter encore une fois tellement il va avec ma peau,Positif
5,excellent je vais de l’acheter encore une fois tellement il va parfaitement avec ma peau,Positif
2,mamchech barcha mayaa,Neutre
5,j aime bc c un bon produit je l achete tjr,Positif
5,super hydratant,Positif
5,aussi bonne quantité,Positif
5,très hydratant,Positif
5,trés hydratant,Positif
5,odeur agréable,Positif
5,good for sensitive skin.,Positif
5,parfaite,Positif
5,très bonne,Positif
4,behya barcha l peau sensible,Positif
3,bech njarbha,Positif
3,"not ideal for sensitive skin. should only be applied directly on active acne. it draws out the whiteheads, causing the acne to come to a head. it can make the acne pop",Positif
5,couvrance behii,Positif
1,bad product,Négatif
5,nheb nzid nekhou,Positif
5,top top pour peau sèche,Positif
4,huile lavande qui mousse bien nettoie mais laisse un peu la peau sèche,Positif
5,tres efficace pour les peaux seches,Positif
5,il hydrate bien la peau sèche,Positif
1,voila,Négatif
5,la peau demeure bien hydratée grâce à cette huile qui la nettoie parfaitement ! ,Positif
4,!,Positif
4,je l’utilise pour ma fille atteinte d’eczema afin de l’hydrater et pas avoir la peau sèche,Positif
5,"excellent produit, je l’ai acheté plusieurs fois pendant des années, je l’ai changé une fois mais je suis revenue vers lui , et je ne le changerai pas!",Positif
5,meilleur baume à lévres du monde!,Positif
5,"j’utilise la gamme cerave depuis 3 années, j’ai la peau sèche à sensible, cette crème moussante est juste parfaite, elle netoie la peau en profondeur et laisse la peau bien hydrater et lisse",Positif
5,the perfect cleanser ever,Positif
5,"après une semaine d’utilisation matin et soir, je constate une amélioration de mes cernes bleues, avec une bonne hydratation",Positif
2,les crèmes yeux sont une arnaque,Neutre
5,bonne marque,Positif
5,super bien,Positif
3,à essayer,Positif
3,mon médecin m’a recommandé ce produit pour éviter la formation des tâches puisque m’a peau a tendance à produire des tâches,Positif
4,"excellente, je l’ai utilisé en traitement pour mon visage, cette crème m’a été recommandé par le dermato, et elle était excellente",Positif
5,"top quality , aawnetni barcha maa mon peau sèche",Positif
5,meilleur crème hydratante,Positif
5,creme hydratante legere tres efficae pour une peau sensible,Positif
5,ça donne la meilleure hydratation ,Positif
3,le produit hydrate tres bien mais j’ai pas aimé l’odeur du produit.,Positif
4,pour une bonne hydratation,Positif
4,jarabtou mahleh,Positif
5,machkour,Positif
5,c un bon produit,Positif
5,excellent pour peaux mixtes à grasses,Positif
5,qualité top !!,Positif
4,tahfoun l acné,Positif
5,prévient les boutons super,Positif
5,le meilleur pour peau sensible,Positif
4,le meilleur pour éliminer les boutons,Positif
4,"bon produit qui atténue les imperfections, donne une belle mine mais je n’ai pas remarqué un grand changement par rapport aux pores dilatés",Positif
4,haja top,Positif
4,skin saver,Positif
5,lisse la peau,Positif
2,may3mil chay,Neutre
1,aucun effet pour moi,Négatif
5,"je l’utilise depuis des années , super produit",Positif
4,top,Positif
2,très moyen,Neutre
5,prix imbattable,Positif
5,le meilleur des gels nettoyant pour peau mixte,Positif
4,il est bien mais trop cher par rapport au format normal,Positif
5,recharge super pratique,Positif
4,defilitly gonna buy it again,Positif
5,je vais surement le prendre encore plusieurs fois il est trop pratique,Positif
2,ps mal,Neutre
5,yes,Positif
4,wawww,Positif
5,"convient aux peaux grasse,  n’irrite pas la peau",Positif
4,rapport qualité-prix,Positif
4,hakeka w bara,Positif
5,top du top !,Positif
5,c’est la meilleure eau micellaire.,Positif
5,c mon coup de coeur,Positif
5,<3 <3,Positif
5,excellent produit et pas cher du tout,Positif
5,l’une des meilleur eau micellaire que j’ai essayé,Positif
5,"efficace, très bon produit",Positif
4,c le meilleure démaquillant,Positif
5,best product ,Positif
4,douces et rafraichissantes,Positif
4,les meilleures,Positif
3,ça donne un coup d’éclat,Positif
4,super produit!,Positif
1,useless,Négatif
5,top ce produit,Positif
2,donne une fraîcheur,Neutre
4,il est bien,Positif
3,il fait l’affaire,Positif
3,c vas,Positif
5,"j’adore ce produit efficace,douc et adorable pour une peau éclatante au quotidien",Positif
5,mon gel nettoyant préféré,Positif
3,hé recommande,Positif
4,mcha m3aya w ma ychai7ch l wejh,Positif
5,top je l’utilise toujours,Positif
3,top inadhef bellgdé,Positif
4,nesta3mel fih mche maya,Positif
5,le prix tayara,Positif
3,j’ai adoré,Positif
5,incr pour les peaux sensibles !,Positif
5,<3 <3 <3 <3,Positif
3,daloul,Positif
5,mahleh efficace,Positif
5,c produit est juste magnifique… j’ai la peau sensible ,Positif
5,exellent,Positif
4,svr is on top,Positif
4,leger. bien,Positif
3,lègére sur la peau,Positif
5,très pratique,Positif
5,ideal pour l’été,Positif
5,rafraîchissant,Positif
5,le meilleur ,Positif
5,best product,Positif
5,good!,Positif
5,qualité,Positif
5,un produit parfait et surtout qui n’est pas gras,Positif
4,<3 j'aimeee,Positif
3,superr,Positif
5,produit est très efficace,Positif
5,je suis très satisfaite de ce produit,Positif
4,je recommende,Positif
5,my fav,Positif
5,"il laisse ma peau douce et hydratée, avec une sensation de fraîcheur durable. facile à appliquer , il est parfait pour un soin rapide et efficace.",Positif
5,tahfoun 3alle5er,Positif
3,le médecin que j’ai visité m’a recommandé ce produit . j’ai une peau mixte,Positif
5,stamaltou behi,Positif
5,soum maakoul,Positif
5,un des meilleurs pour moi,Positif
5,"good quality
",Positif
5,mon coup de cœur,Positif
5,la qualité top,Positif
2,trop pauvre pour acheter de l’eau en cannette,Neutre
5,apaisante après les coups de soleil,Positif
5,rafraichissant,Positif
2,doux sur la peau mais spf chwaya,Neutre
4,"très agréable à utiliser , et non gras",Positif
5,veryyyyyyy good,Positif
4,good job !,Positif
1,duré d’utilisation : 3 mois w mal9iit 7atta résultats,Négatif
5,efficace contre les imperfections,Positif
2,good ingredient but not for very sensitive skin,Neutre
3,i’m gonna try it,Positif
4,great,Positif
5,en cours d’utilisation,Positif
5,qualité top je recommande,Positif
3,la marque est top,Positif
5,excellent rapport qualité prix,Positif
4,not bad,Positif
4,efficace surtout aprés l’épilation,Positif
5,this one is the best,Positif
5,i’ve been using this for 3 years,Positif
5,je recommande pour peau grasse,Positif
5,top très bonne hydratation,Positif
5,"top,  hydrated very well",Positif
5,efficace hydrate bien la peau,Positif
5,parfait ,Positif
5,génial,Positif
4,the smell is so good,Positif
3,"يلزم تنزل عل tube
بالقوي
ختارتو خاتر فيه زبدة الشيا",Positif
1,trop cher pour rien,Négatif
1,je le recommande pas pour peau hyper sensible,Négatif
4,yess,Positif
4,serum excellent,Positif
3,rapport qualité prix,Positif
4,"les résultats sont clairs après une utilisation continue
un bon rapport qualité prix",Positif
4,bnna,Positif
3,"avis mitigé , texture un peu bizarre",Positif
5,good quality. tunis mourouj 2,Positif
5,top ,Positif
4,goood,Positif
3,"top
 doux sur la peau",Positif
5,efficace pour la peau sèche,Positif
4,"tres bien, ca marche pour peau grasse",Positif
5,wow j’adore,Positif
1,bad,Négatif
2,il n’est pas très efficace,Neutre
5,trés bon rapport qualité prix,Positif
2,tzayet wejh barsha,Neutre
4,toaap,Positif
5,"pas cher et efficace , c top",Positif
4,bon produit par rapport qualité prix,Positif
5,a really good product,Positif
3,cv ta7foun,Positif
5,tp,Positif
5,je le recommade,Positif
4,"je le recommande,c’est mon gel préféré",Positif
5,ce produit est parfait pour les peaux acnéiques je l’ai essayé ma peau est devenue plus saine,Positif
5,il est le meilleur,Positif
4,idéal pour les peaux acnéiques,Positif
5,je l’ai utilisé il est bien,Positif
3,good quality. thanx,Positif
5,"good quality
rihtou bniina
ynathf w maychayahch l wejh",Positif
5,wakteh yarjaa en stock?,Positif
4,good for double cleansing,Positif
5,très pratique pour lavage quotidien de visage,Positif
4,bon produit pas plus,Positif
5,coup coeur,Positif
4,top,Positif
4,la qualité et l’efficacité  dans un seul produit,Positif
4,suuupeeerr,Positif
5,un bon produit pour les acnés et les inperfections,Positif
5,impeccable comme base de maquillage,Positif
5,c efficace,Positif
5,c’est le meilleur de toute la gamme,Positif
5,je recommande bientôt enchalah,Positif
5,ce top je valide,Positif
4,superrrrr,Positif
4,j’aime ,Positif
5,want to try <3,Positif
5,efficacité,Positif
5,j’ai toujours été heureux,Positif
5,hydratation intense,Positif
4,je recommande ,Positif
4,i ll try it soon ,Positif
5,g,Positif
2,ideal pour peau normal,Neutre
3,++,Positif
5,gft-bak,Positif
4,une excellente marque,Positif
4,excellent produit local,Positif
3,.j.j.j.j.n,Positif
3,pas mal par rapport à son prix ‍,Positif
4,excellent pour une marque tunisienne,Positif
5,the best one for oily skin,Positif
5,"in one word, this product lift from vichy is just a skin champion",Positif
4,bravoo,Positif
3,il ne vaut pas son prix aucun effet sur les ridules,Positif
4,effet miracle,Positif
4,sérum tooop,Positif
5,jai bcp aimée,Positif
4,elle es top cette marque,Positif
5,"j ai une peau extrêmement sèche et ce produit m’a vraiment trop aidé
a nourrir et hydrater ma peau, il sens bon et apporte un eclat remarquable au visage je le recommande vivement .",Positif
5,"i really like it
might feel oily at first but then dries down and feels hydrating",Positif
5,sits very well under makeup,Positif
4,thesou oily melowl ama fisaa yochrbou l wejh,Positif
2,toute la gamme est moyenne,Neutre
5,"parfaite pour les peaux grasses, ne laisse pas un film gras",Positif
5,rapport qualité prix behi,Positif
3,le produit n’est pas vrt à l’attente de ses promesses. protège cobtre le soleil sans atténuer les tâches,Positif
4,"toujours en repture ?
excellent ",Positif
5,parmi les meilleurs à essayer,Positif
4,bahi,Positif
5,wow mahleh,Positif
5,fait le job ,Positif
5,j’adore ,Positif
5,texturé coton top et la matière aussi,Positif
5,باهي  هايل,Positif
2,dima nichri,Neutre
5,le meilleur gommage pour la peau sensible en tunisie,Positif
4,top ,Positif
5,résultats convaincants,Positif
5,pas d’effet encore,Positif
2,non bien,Neutre
5,très satisfaite,Positif
4,merci bien,Positif
5,sublime,Positif
5,j’adoreeeee,Positif
5,jarabtou behi barcha,Positif
5,good quality.  super tooop,Positif
4,ya3ti éclat ma7leh,Positif
5,donne un éclat au visage,Positif
5,bon pour les ceux avec des taches,Positif
4,bon produit pour les peaux trés séches,Positif
4,"parmi les meilleures crème hydratante pour la peau sensible , pas de rougeur ni brulure",Positif
3,effet moyen pas d’effet apaisant visible,Positif
5,le meilleur pour les peaux sèches et sensibles,Positif
5,ifata9,Positif
5,hydrate en profondeur magnifique,Positif
5,efficace l peau sensible,Positif
5,produit super,Positif
4,the best !,Positif
4,j’adore !!,Positif
5,top cette marque,Positif
4,good for acne  skin,Positif
5,ça donne une bonne mine et une bonne texture,Positif
5,produit impeccable,Positif
2,les femmes savent bien qui est le top,Neutre
4,j’ai apprécié la texture.,Positif
5,agréable,Positif
5,niceeee,Positif
3,tnahi les taches?,Positif
4,yacer tayara w prix waw ,Positif
2,pas tellement,Neutre
5,topo,Positif
2,metwast,Neutre
5,très très bonne,Positif
5,belle huile qui sent très bien,Positif
4,je prefere la version originale,Positif
3,"marque tunisienne, une découverte  , je vais l’essayer inchallah",Positif
3,"odeur trés particuliere, le pot se finit vite",Positif
5,mchee barcha maa wejhi,Positif
5,eficace,Positif
5,gentle,Positif
3,nouvelle découverte en cours d’essai,Positif
5,top mshe maaya aalekhr,Positif
5,great quality.,Positif
4,souple 3al peaux yeser behi,Positif
5,efficace surtout en hiver,Positif
5,vraiment waw,Positif
4,good 3jbni brcha,Positif
5,produit haut de gamme !,Positif
4,hydratante non collante,Positif
3,"texture veloutée , ne convient pas aux peaux à tendance acnéiques",Positif
5,superbe belhak,Positif
5,top !  leger et apaisant,Positif
5,excellent quality.,Positif
5,encore dispo?,Positif
5,tres satisfaisant,Positif
5,j’aime beaucoup,Positif
4,super pour les rides,Positif
3,soin nuit lissant,Positif
5,good  ,Positif
4,trop bien,Positif
5,good et quantité généreuse,Positif
4,gutttt,Positif
5,meilleurs produit,Positif
5,ahsan wehd,Positif
3,un bon produit ama youfa fisa3,Positif
5,"tres bon produit, ça hydrate super bien et ça protège la peau  , j’adore",Positif
5,"produit miraculeux contre les boutons, je recommande vivement",Positif
3,un peu cher mais pour utilisation minimale et continue on voit des résultats qui dure,Positif
5,bfhi barcha,Positif
4,heyl brsha,Positif
5,good ,Positif
5,je recommande fortement,Positif
5,heeeyl,Positif
5,vraiment incroyable je recommande,Positif
4,bon produit resultat vu a long terme,Positif
4,produit efficace contre les tâches brunes,Positif
4,من أحسن المنتجات الموجودة في تونس ضد البقع الداكنة في الوجه,Positif
3,recommandé par mon médecin esthétique pour éliminer les tâches (peau mixte ),Positif
3,merci,Positif
4,douce,Positif
5,je l’adore ,Positif
5,vraiment tayara,Positif
5,yo9tel,Positif
5,tayara lhak fatah lwejh bel behy f wakt ksir,Positif
5,top llpeau grasse,Positif
4,j’aimme trop,Positif
5,nettoie bien,Positif
5,<3 <3 i love,Positif
5,très efficace contre les taches brunes,Positif
2,"effet hydratant,mais l effet booster non ressenti après 3 mois d utilisation",Neutre
5,excellent produit. je le recommande vivement.,Positif
5,good quality. mjareb,Positif
5,good quality ‍,Positif
5,manifique,Positif
5,100%,Positif
5,je recommande le meilleure,Positif
4,"ne colle pas, excellent",Positif
4,efficase,Positif
5,hydrate les lèvres,Positif
5,je le recommande en plus il sent très bon,Positif
5,ta7founa ..temchi yaser m3a l peau seche seche,Positif
5,bon produit toop,Positif
3,ce produit nettoie la peau mais j’aime pas le fait qu’il n’est pas moussant donc a chaque fois j’éprouve le besoin d’ajouter plus de produit,Positif
4,j’adore bien,Positif
4,efficace nettoyage et hydrate bien,Positif
2,3tahouli mon dermato et c top à recommander,Neutre
5,good ,Positif
5,"good product, i recommend",Positif
4,toooop ,Positif
4,très bien ,Positif
4,coup de cœur,Positif
4,mon fav,Positif
3,"hydratant et apaisant , bon pour peau sensible",Positif
4,dispo,Positif
1,je trouve pas leur utilité !,Négatif
1,effet rafraîchissant,Négatif
4,je commande,Positif
5,je l’adore,Positif
4,+++,Positif
5,top de top ,Positif
5,bon qualite je recommande,Positif
2,"ça donne un éclat oui, pour ma peau grasse ne nettoie pas en profondeur",Neutre
5,incr ! pour une peau mixte à grasse,Positif
5,brhi,Positif
5,thabel,Positif
4,tanjah,Positif
4,la liste d’ingrédient semble très riche! j’aime,Positif
4,produit a conseiller,Positif
3,correcte,Positif
5,comment l’utiliser?,Positif
4,"bon produit. j’aime bien car ne pique pas les yeux . pour un usage quotidien , il faut faire attention à la pointe qui peut s’assécher rapidement et donc bye bye à l’application précise",Positif
4,demaquille bien,Positif
4,best gel nettoyant,Positif
2,pas top pour la peau grasse,Neutre
3,"je recommande pour peau sensible, mixte",Positif
4,bech nkhthou shakrouh barcha,Positif
3,good ingredients,Positif
5,très hydratant. rajeunissement des mains,Positif
4,jaiimmmee,Positif
3,"pour ma fille atteinte d’eczema , cela lui evite de se gratter. bonne hydratation .",Positif
4,extrême couvrance. ne bouge pas. ne donne pas de boutons. dure un an +++ vaut son prix. choix de teintes trop limités.,Positif
3,"good and heavy cream, i’m using it as a make up base (base de makillage)",Positif
5,résultat mawjoud,Positif
3,bonne pommade,Positif
4,sa marche ,Positif
5,ri7a fraiche thabel,Positif
5,good marque,Positif
3,ma lkitsh resultat maaha lhkika,Positif
5,idée cadeau pour les mamans très originale,Positif
5,"ce vernis a transformé mes ongles. ils sont beaucoup plus forts et ne se cassent plus. de plus, il est parfait pour ma peau sensible.",Positif
4,bon apaisant,Positif
3,ich mag  ,Positif
5,top déjà nista3mil fih ,Positif
5,un bon produit,Positif
5,"parfait , effet bonne mine",Positif
4,mch khayeb ama mch behi lel abed eli andha acne,Positif
3,marque uriage ,Positif
5,top pour les peaux sensibles,Positif
5,top pour moi ,Positif
3,excellent mais un peu cher,Positif
4,super pour les peaux avec tâches brunes,Positif
5,"résultats approuvés, je le recommande",Positif
5,voilà le bon produit,Positif
5,ta7fou,Positif
5,avène ,Positif
3,yhabl,Positif
4,très bien ,Positif
5,جيد جدآ,Positif
5,ce produit est top .je ne change pas l’eau micellaire bioderma pour peau sensible,Positif
4,très bon produit.,Positif
4,tres bon rapport qualité prix qualité ! j l aime bien <3,Positif
3,un bon nettoyant,Positif
5,top top toppp,Positif
4,j’espère,Positif
5,je recommande ,Positif
2,bon normale,Neutre
5,top du top tres doux et hydratant,Positif
4,idéale pour les peaux mixtes à grasses,Positif
2,mat,Neutre
5,je le recommande !,Positif
4,qualité produit tayara,Positif
5,j adore,Positif
3,bech najrbha,Positif
5,great one,Positif
5,ifarhad,Positif
5,je recommande alekher ,Positif
4,the besstt for meee,Positif
5,meilleur anti cerne,Positif
5,magnifique ,Positif
5,parfaite pour peaux sèches à très sèches,Positif
4,behya barcha,Positif
5,top bon produit,Positif
4,j’adore ,Positif
3,produit doux,Positif
4,je recommande pour peau hyper sensible,Positif
5,j’aime beaucoup l’originalité du produit,Positif
4,je le recommende,Positif
5,tooooop,Positif
4,ri7tou bnina w ynadhef w ya3ti éclat ama lezem ba3dou crème hydratante pour les peaux sèches,Positif
4, nice,Positif
5,toop toop,Positif
3,jarabtou et ta7foun,Positif
4,"trés nourissant , la peau est trés douce aprés",Positif
2,pas de resultat,Neutre
3,efficace contre les taches brunes,Positif
5,j v confirmer,Positif
5,le plus efficace,Positif
4,ce produit me donne un effet glowy tres beau apres l’application !!! et a long terme j ai remarqué la disparition des taches brunes,Positif
3,ce n’est pas miraculeux,Positif
5,j’ai bien aimé,Positif
5,je recommande produit authentique,Positif
4,just wow,Positif
5,cette huile est incroyable!! son odeur est tellement bonne je pense a la boire parfois ahahaha et surtout que l’odeur se colle dans les vêtements et sur la peau aussi pour une tres longue durée,Positif
5,"bes oil for body !!
mon coup de cœur ",Positif
5,mon meilleur produit top top effet bonne mine,Positif
5,il est top ,Positif
5,"l’effet se voit du premier mois, mais il faut continuer l’utilisation",Positif
2,j’ai pas trop aimé,Neutre
5,magnifique je recommande vivement,Positif
3,.,Positif
5,un excellent produit  ,Positif
5,top topp,Positif
4,bonne hydratation,Positif
4,gd,Positif
3,pas mal ama youfa fisa3,Positif
5,"ça sent bon , ça donne un coup d’éclat et ça maintient bien l’hydratation du visage ! parfait",Positif
5,excellent,Positif
5,exelent,Positif
5,produit interessant,Positif
5,"bon produit, bon rapport qualité prix, je le recommande",Positif
5,"super hydratant
behi leli andhom psoriasis",Positif
5,"j’ai acheté toute la gamme fiderma clarifid; gel nettoyant, creme du jour et serum. vraiment top du top.mes taches commencent a disparaitre. et comme on disait الدوام ينقب الرخام",Positif
5,la solution micellaire ideale,Positif
5,ce baume à lèvres est super hydratant,Positif
5,je le recommande !! un produit du top !,Positif
5,très doux ça marche très bien avec les peaux sensibles,Positif
5,"mousse agréable à utiliser , j’ai une peau assez sensible et ça ne m’a pas du tout irrité ",Positif
4,trop beau pour les peaux grâce,Positif
5,i like it !,Positif
4,très bon pour peaux grasses,Positif
5,efficace et résultat rapide,Positif
4,"pourtant que j ai la peau seche, j ai trouvé que ce produit est respectueusement hydratant et sa sens tres bon en plus!!!",Positif
5,hydrate bien,Positif
4,excellent pour les peaux sensibles,Positif
4,"je recommande pour peau sensible , mixte",Positif
3,behy,Positif
5,bhy,Positif
4,texture légère hydrate bien sans laisser de film,Positif
5,…..j….,Positif
5,yhaballllllll,Positif
5,superbe,Positif
4,aadi,Positif
3,bonne qualité ,Positif
4,douce pour la peau,Positif
5,parfait il respecte la peau n’assèche pas et n’agresse pas la peau en la nettoyant,Positif
4,bonne découverte,Positif
5,un bon produit. l’odeur est agréable sans excès,Positif
4,c’est vraiment parfait,Positif
3,akeka wbara ma ameli chy,Positif
5,toooooop,Positif
3,jaime bien,Positif
5,رائع,Positif
5,excellent résultat,Positif
4,good result,Positif
5,it an excellent résultat,Positif
4,great product,Positif
5,ممتاز,Positif
5,authentique,Positif
3,il est bon,Positif
5,"la crème éclaircissante beesline est une excellente option pour ceux qui cherchent à améliorer l’uniformité et la luminosité de leur teint. avec une utilisation régulière, elle offre des résultats visibles et durables, tout en prenant soin de la peau.",Positif
4,excellent produit  pour peau sensible,Positif
5,je recommande cette marque,Positif
3,nouvelle découverte,Positif
2,rapport qualité prix 0,Neutre
5,top ,Positif
5,top qualite,Positif
5,raw3aaaaa,Positif
5,très efficace ,Positif
4,couvrant,Positif
4,so sweet,Positif
5,hlow,Positif
5,formidable,Positif
4,okkk,Positif
5,efficace pour sensible,Positif
5,super effet immediat presque,Positif
4,sympa,Positif
4,ihabal,Positif
4,top pour peaux sensibles,Positif
3,ca marche,Positif
5,j’adore texture douce pour peaux sensibles,Positif
5,excellent nettoyant pour peau sensible,Positif
5,parfait pour les peaux irritées,Positif
4,excellent pour hydrater et dimine les vergitures,Positif
5,un coffret prodigieux et indispensable ,Positif
5,jaime bq,Positif
4,un coffret prodigieux,Positif
4,rapport quallité prix,Positif
5,trs satisfait,Positif
5,magnifique pour un premier nettoyage!!,Positif
5,les produits filorga est top,Positif
4,cool,Positif
5,"je l’ai trouvé efficace pour un prurigo, je le recommande",Positif
4,e3ti éclat mzyena lil wjeh,Positif
3,"jarbto lhkika ma tbdel chay
yomken lezem nestamel akther",Positif
4,bon rapport qualité / prix,Positif
5,j’aime bien ce produit,Positif
4,goof,Positif
3,nettoye bien la peau,Positif
4,a essayer,Positif
5,smell good,Positif
5,a utiliser,Positif
4,amazing je recommender,Positif
5,good pour peau sensible,Positif
5,trs satisfait merci,Positif
4,hydratante et non gras,Positif
3,excellent ,Positif
4,rapport qualité prix ,Positif
5,cette base est un must-have dans ma routine beauté. ma peau est hydratée et mes ongles sont protégés. je l’adore,Positif
3,t,Positif
5,mahleeh,Positif
3,pas très hydratant.,Positif
5,"efficace pour peau seche, je recommande",Positif
5,gamme top,Positif
3,nettoye bien,Positif
5,très satisfait,Positif
5,good prices,Positif
3,"douce , à recommander",Positif
1,nul akhyeb creme hydratante jarabtha,Négatif
5,bon qualité,Positif
4,"good quality
authentic",Positif
5,meilleur prix,Positif
5,ce produit est indispensable ,Positif
5,mn a7sen les gels nettoyant il es doux 3al peau,Positif
4,douce w tnadhaf blgde ama mna9setlich acne,Positif
5,impressionné par ce gel il nettoie sans assécher ma peau,Positif
4,excellent pour peau acnéique,Positif
5,il est magnifique le produit!,Positif
4,3jbni nhli lhboub,Positif
4,nettoyage de peau profonde,Positif
5,meilleure gel nettoyant,Positif
5,اللي عندو الحب في وجهو حاجة روعة,Positif
5,très efficace pour les peaux mixtes,Positif
5,efficace pour les peaux grasses,Positif
4,parmis les meilleurs gel nettoyant,Positif
5,il est parfait ,Positif
5,parfait !,Positif
4,ce gel a une bonne texture.,Positif
5,efficace pour les imperfections,Positif
5,"bon produit ! convient aux peaux grasses, acneique, sensible",Positif
5,le meilleur ,Positif
5,excellent pour peau à tendance acnéique,Positif
5,en promotion rien que pour vous !,Positif
4,top pou une peau parfaite,Positif
5,jadore,Positif
1,big flop cette produit aucun effet par des autres marques moins chers,Négatif
5,produit top .. j’adore,Positif
5,testé et approuvé ,Positif
4,toop top,Positif
5,un tres bon produit,Positif
5,trs bon qualite,Positif
4,trop collant mais bien hydratant,Positif
5,tres hydratant,Positif
5,satisfait,Positif
5,has a lipgloss like finish while bieng super hydrating,Positif
5,tres bon produit,Positif
5,magnifique !,Positif
5,excellent produit il répare rapidement les lèvres,Positif
5,efficace ,Positif
5,toppp très efficace,Positif
4,hydrate en profondeur,Positif
5,to0,Positif
5,une hydratation extraordinaire,Positif
5,hydratante et binifique,Positif
5,répare rapidement mes lèvres,Positif
5,top de top the best ever,Positif
5,les produits sont efficaces,Positif
5,très hydraté ,Positif
5,le plus efficace sur le marché,Positif
5,tres efficace  je recommande !,Positif
5,hydratant et efficace,Positif
2,hydratant mais désagréable effet,Neutre
2,meh,Neutre
5,behi 3lkhr,Positif
5,impeccable,Positif
5,behy 3alekher ll les imperfections,Positif
4,tooopp,Positif
4,ye3jebni,Positif
5,machalla,Positif
4,suuperr,Positif
5,mahleh i recommenend,Positif
5,روعة,Positif
5,meilleure produit,Positif
4,bon oroduit nettiyant en douceur mais il n’est pas teop adapté en été à mon avis pour les peaux mixtes qui regraissent vite.,Positif
4,trs satisfait,Positif
4,bon produit pour peau seche,Positif
4,produit efficace pour peau nrml a seche,Positif
4,good quality!,Positif
5,un produit qui répond à mes attentes,Positif
4,un bon produit très efficace mais à éviter pour une peau hypersensible,Positif
4,fort,Positif
5,trop efficace,Positif
5,tellement miraculeux ,Positif
5,je ne peux plus m’en passer merci pour ce produit,Positif
5,one of the best vitamin c,Positif
5,"produit top , j’adore",Positif
5,"très bon nettoyant, dommage qu’il soit en rupture",Positif
4,mche maaya,Positif
5,très efficaces,Positif
4,c’est super,Positif
5,tres doux,Positif
3,bienn,Positif
3,mch khayb yaaml éclat fil wejah,Positif
3,la meilleur,Positif
4,"ça marche, light weight w yaati éclat",Positif
5,vraiment j’adore,Positif
3,metwasset,Positif
5,"طياااره مقارنة بالسوم ،ينظف بالباهي.
أما باعد تنظيف يشيح البشرة شوي donc لازم تستعمل بعدو crème hydratante.",Positif
5,doux sur la peau et efficace au mêmr temps. sent agréablement bien.,Positif
5,je recommande très bénéfique pour peau grasse,Positif
4,efficace et doux sur la peau,Positif
4,behy fait le job,Positif
5,"ma peau est claire w t7isha fraiche, produit 7abitou barcha",Positif
4,j ai testé ce produit pendant 3 mois je crois et on remarque un coup d éclat immédiat dès le premier usage . un autre truc c’est qu’il est tres moussant une petite noisette est extrêmement suffisante pour nettoyer le visage en profondeur,Positif
5,top l 7a9,Positif
1,pas vraiment,Négatif
3,pas suffisant seul,Positif
5,yacer tayara ,Positif
4,exfoliation douce et efficace,Positif
5,tip top,Positif
3,behi ta7foun,Positif
5,hydratation garantie !,Positif
5,ça hydrate hyper bien mais l’odeur est un peu désagréable,Positif
2,"hydratation ne dure pas longtemps,  5/10",Neutre
5,مشكوورة برشااا .صحباتي يخذوا من عندكم وأنا نحب نجرب,Positif
5,good love it,Positif
5,nooonn pour moi eucerin ahssen haja,Positif
4,wanna buy it again,Positif
5,magnifique ,Positif
5,au top,Positif
5,"c’est un produit très efficace
il a changé ma peau carrément",Positif
5,mon préféré il m’a sauvé la vie youfaa minna n3awed nechrih il est juste top,Positif
5,trés efficace contre les boutons et la sécretion du sébum! top,Positif
4,efficace bien,Positif
5,excellent !,Positif
5,excellent pour peaux grasse !,Positif
4,recommandée par ma dermatologue,Positif
5,exellente !conseillée par mon dermatologue,Positif
5,idéal pour les peaux sujettes à l’acné,Positif
5,the best for acne prone skin,Positif
5,tayara ,Positif
5,je le kiffe !,Positif
5,very good product ,Positif
4,"je vais l essayer, parmis les meilleurs",Positif
4,wa9tach tjiboh,Positif
5,supet,Positif
5," cicatrisation rapide prouvé, je l’utilise et je suis satisfaite",Positif
5,j’ai beaucoup aimé la formule de ce produit (légère sur la peau),Positif
4,j’hésite entre lui et cicalfate,Positif
4,a tester,Positif
4,bravo,Positif
3,efficace pour les peaux à tendance acnéique,Positif
4,efficace dans quelques semaines,Positif
5,good price and quantity and quantity,Positif
4,ynadhf l wejah ma4ir maychay7ou tahfoun,Positif
2,ynadhef ama ytala3 bcp de boutons,Neutre
4,efficace pour les peaux  à imperfections,Positif
4,super !!,Positif
5,top !!!,Positif
4,"top
mezel en rupture ?",Positif
5,top wakteh tjibouh plz,Positif
5,mahlehaaa pour tous types de peaux,Positif
5,je recommande cette crème à ceux qui recherchent une hydratation efficace et une peau douce.,Positif
5,meilleur serum pour les tâches brunes,Positif
2,maritch 7ata ntija,Neutre
3,"malgré son prix, 3jebni j’ai constaté un coup d’éclat
à recommander franchement il n’est pas mal",Positif
4,efficace pour les taches brunes,Positif
5,beau produit,Positif
3,marche tres bien,Positif
4,yna7i l’acne ta7foun,Positif
5,très efficace surtout ba3d épilation,Positif
4,rapport qualité prix acceptable,Positif
2,"j’ai pas trop aimé, je rentre comme un panda surtout avec la chaleur alors que normalement c waterproof",Neutre
5,pour les traces de boutons ce stylo est perfect,Positif
5,le meilleur pour la peau grasse,Positif
5,top ynadhef sans agressé la peau,Positif
5,ca va,Positif
5,très hydratante,Positif
4,trs satisfait  merci,Positif
2,"honnêtement, femma makhir min’ha",Neutre
5,"très cool  et hydratant , excellent après le nettoyage",Positif
3,refreshing,Positif
5,roséliane est l’une des meilleures crèmes pour les personnes souffrant de rosacée.,Positif
2,c´est vraiment magnifique,Neutre
4,wa9tek yarja3 en stock?,Positif
5,malheureusement en rupture,Positif
1,qui a utilisé ce produit peut me donner son avis ??,Négatif
5,curly hair friendly,Positif
5,genial,Positif
4,créme retinol ta7founa,Positif
5,mon creme solaire préférées,Positif
5,top ,Positif
5,ma7leh,Positif
4,tayyara,Positif
5,"sensation de douceur garantie, convient parfaitement à ma peau sensible",Positif
5,ça donne la sensation de fraicheur surtt en été,Positif
5,très  rafraîchissant,Positif
1,peu hydratant,Négatif
5,mn a7sen les crèmes hydratante eli sta3mlthm pour peau mixte à grasse,Positif
4,very nice,Positif
4,top mais toujours en rupture,Positif
4,c eclaircissant et glowy,Positif
5,je recommande top top tooop,Positif
4,"top wakteh tjibouh plz, 40ml chwaya",Positif
5,a life saver,Positif
5,top produit  meilleur qualité,Positif
4,efficace 3al li5ir,Positif
5,qualité top et très efficace,Positif
4,reparatrice ama thessou kel boumadha ala cheftek,Positif
5,super efficace,Positif
5,très efficace pour l’irritation et les rougeurs,Positif
1,nul,Négatif
4,hydration +++ avec une de odeur de miel agreable,Positif
5,un des meilleurs baumes a lèvres que j ai jamais testé il repare les lèvres gercées du premier usage,Positif
5,le meilleur remède pour les gerçures dommage qu’il est tjr en rupture de stock,Positif
1,khsayer flous,Négatif
4,top pour la peau sèche. il m’a été recommandé par mon dermatologue.,Positif
4,"effet bonne mine immédiat, régule la sécrétion de sébum
il faut juste appliquer une crème hydratante après",Positif
4,haja ,Positif
4,supper,Positif
5,j’adooree,Positif
5,"vraiment ce produit est une découverte le mousse nettoyante donne une très bonne mine et éclat instantané mais avec le vit c  c waaaw surtt que le sérum et hautement concentré, le seul a marché qui contient 25% du vit  c . je le recommande",Positif
5,perfect combination ,Positif
4,best vit c ,Positif
4,good for shaving,Positif
5,heyl,Positif
3,excellent produit ,Positif
3,"une bonne découverte et recommandation
excellent",Positif
5,tres efficace pour les traces,Positif
5,très efficace surtout pour l’acne,Positif
5,très bonne creme,Positif
5,i have been using it for years cleans the skin so well without leaving it dry,Positif
4,i like it so much jrbtou toop,Positif
5,top pour la peau mixte à grace avec une texture légère (mychaya7ech elwejeh),Positif
4,top pour beau acnéique,Positif
5,intéressant,Positif
4,éclat mahleh baad masque,Positif
5,a vos panier,Positif
3,preferably to be used in summer for freshness. smells really good,Positif
5,good quality.  jaime bien cette produit,Positif
5,j’ai ce produit pour sa capacité de réduire parfaitement ‘es cernes,Positif
5,j’aime ce produit pour sa capacité de réduire parfaitement ‘es cernes,Positif
5,produit de très bonne qualité,Positif
4,tres raffraichissante ,Positif
2,"un bon produit pas plus, on peut trouver la meme efficacité dans des gammes moins cheres",Neutre
5,c top ,Positif
4,effet bonne mine,Positif
5,ce sérum est le meilleur,Positif
5,la meilleure creme,Positif
5,meilleure parapharmacie,Positif
5,meilleure parapharmacie en tunisie,Positif
5,merci bcp,Positif
5,bravo bravo,Positif
4,bravo et merci,Positif
5,bravo et merci bcp,Positif
5,bravo et mille merci a vous,Positif
5,bonne continuation,Positif
5,merci et bonne continuation,Positif
5,merci et bravo,Positif
5,bonne continuation  et merci à vous,Positif
5,bravo bravo bravo,Positif
5,merci merci merci,Positif
5,good good,Positif
5,"odeur très bonne, la peau reste hydrater, tant de bons points qui me laisse le recommander",Positif
4,sema7,Positif
3,sent bon,Positif
4,efficace rapidement sur les ridules toop,Positif
5,meme la quantité s8ira mais cv eched wel resultat behia,Positif
5,peaux hypersensible,Positif
3,"pas mal , à recommander",Positif
1,rupture,Négatif
5,super duper,Positif
5,prix raisonnable,Positif
1,"il donne une belle couleur, mais l’hydratation ne dépasse pas une heure. ceux qui contiennent du colorant provoquent un dessèchement des lèvres après des heures de l’utilisation.",Négatif
1,may3melech hydratation jemla,Négatif
5,un mini lift avec petit prix,Positif
2,tahfouna,Neutre
2,"refreshing, but a little bit expensive, i recommend in general.",Neutre
5,ينحي الحبة حتى لتحت الجلد روعة,Positif
5,parmi les meilleurs produits que j’ai utilisé,Positif
4,excellent ,Positif
3,tayara ama fissa3 youfa,Positif
4,hydratant et leger,Positif
5,tayaraaaaa,Positif
5,glossy,Positif
4,"à recommander pour les peaux à imperfections, j’aime ce produit",Positif
4,like,Positif
3,flop,Positif
3,moyenne,Positif
5,favorite cream,Positif
1,"ma mchech m3aya jemla
ki na3mlou wejhi ychi7 w ywalli ya7ra9",Négatif
5,je recommande ,Positif
4,greattt,Positif
5,"je suis vraiment impressionné par les résultats. mes cils sont devenus visiblement plus longs et plus épais après quelques semaines d’utilisation régulière. de plus, le sérum est facile à appliquer et ne provoque aucune irritation. je recommande vivement ce produit à quiconque cherche à améliorer la longueur et la densité de ses cils.",Positif
5,tres bonne diminution des cernes et ridules indispensable dans mes routines wlh,Positif
5,effet bon mine,Positif
5,waouuuu,Positif
3,excellent pour la peau grasse,Positif
4,un bon produit pour lutter contre l’acné,Positif
5,très doux surtout pour la rosacée,Positif
4,bien elle me convient (mixte a grasse),Positif
3,apaisant et hydratant . j’adore,Positif
3,protège bien,Positif
3,guud,Positif
5,top pour moi,Positif
4,"un bon rapport qualité prix
des résultat claires",Positif
5,trs satisfait merci ,Positif
5,ce produit est très efficace,Positif
5,sensation de confort,Positif
5,excelent,Positif
5,best of the best,Positif
5,number one,Positif
5,nettoyant doux qui sens bon qui convient aux peaux mixtes,Positif
3,still using it 3 weeks i can see the difference.,Positif
4,produit  top,Positif
5,mon préfère,Positif
5,rapport qualité prix tayara,Positif
3,réduction de l’acné en 2 mois,Positif
5,je suis assez satisfaite,Positif
5,tres doux !,Positif
5,doux et parfait,Positif
5,c trop beau,Positif
5,texture parfaite,Positif
5,ynadhef mlih,Positif
5,top ,Positif
4,une creme assez hydratante et ca sens extrêmement bon !!!,Positif
5,elle hydrate bien j aime,Positif
5,super hydratante,Positif
4,sehr gut,Positif
3,pas d’effet visible (aprés 2 semaines d’utilisation) sur la brillance ou les imperfections et aucun effet apaisant sur le peau. produit léger c tout ….,Positif
5,eclat et uniformité c’est un véritable coup de coeur ,Positif
3,mamchech m3aya la79i9a,Positif
4,good ,Positif
5,excellente créme pour le coup de soleil et aussi aprés épilation,Positif
4,indispensable pour les peaux sensibles,Positif
4,nettoyage au profondeur et très doux,Positif
4,élimine toute les impuretés,Positif
3,bahi lil peau sensible,Positif
4,ma7laha,Positif
2,average quality,Neutre
5,la crème yaser mahleha,Positif
4,behy barcha,Positif
2,ki bih ki blech,Neutre
4,effacer,Positif
4,couvrante ,Positif
4,hloua,Positif
4,good !,Positif
4,"3jebni effet immédiat, surtt le lendemain un effet spectaculaire
j’aime bien le racheter",Positif
4,wkteh yarja3?,Positif
5,superrrrrrrrrrrr,Positif
5,contre les rides  est un bon départ,Positif
4,7/10,Positif
3,vyjuyj,Positif
3,pas mal comme produit,Positif
5,good quality j’adore,Positif
4,j aime,Positif
5,j’aime bcp,Positif
5,j’aime bcpp,Positif
5,j’aime beaucoupp,Positif
1,nulll,Négatif
5,cet écran est vraiment top,Positif
5,"effacer
un bon produits",Positif
5,des produits authentiques,Positif
5,beaucoup de choix,Positif
5,beeeehy alkhrrr,Positif
4,aide à serrer les pores,Positif
5,le serum toppp,Positif
2,non satisfait,Neutre
5,mahleha,Positif
4,tayara alekher ,Positif
1,aucun effet constaté,Négatif
5,meilleure creme matifiante,Positif
5,des prix très raisonnables,Positif
4,excellent démaquillant,Positif
4,démaquille très bien,Positif
5,حتى الذنوب ينحيها,Positif
4,bieen,Positif
5,"depuis que j’utilise ducray melascreen sérum anti-tâches eclat, ma peau est visiblement plus lumineuse et les taches brunes sur mon visage se sont estompées. je suis ravie des résultats et je recommande ce sérum à tous ceux qui recherchent une solution efficace contre les taches pigmentaires",Positif
4,merciiii,Positif
5,tressssss satisfate,Positif
4,efficase pour visage et yeux top,Positif
3,un peu irritant,Positif
5,un bon couvrance,Positif
5,good coverage,Positif
4,efficace w yfata7 l dark circles,Positif
4,heyel,Positif
5,goof quality,Positif
3,passable tbh,Positif
5,meilleur,Positif
5,awesome,Positif
3,toop prod,Positif
5,yhabel 3alekhir j’adore svr,Positif
3,pour peau seche,Positif
1,elle n’est pas matifiante du tout,Négatif
4,nestaamel fy les 2 top,Positif
3,hbel,Positif
5,j’adore trés efficace,Positif
3,bon prd,Positif
5,c’est excellent,Positif
5,le meilleur des meilleurs,Positif
4,goog,Positif
5,éclat ++,Positif
2,tjr en repture !!,Neutre
2,moyen lahkika je recommande pas,Neutre
4,bahi barcha,Positif
5,satisfaite,Positif
