Commentaire;Note;Label
dima nekhouh wou naawd;5;Positif
j\’adore;5;Positif
mche maya;4;Positif
je recommande;5;Positif
le prix est très raisonnable;5;Positif
j aime ce produit et surtout ce grand format c’est assez suffisant pour un usage familiale quotidien;4;Positif
j déteste ce produit et surtout ce grand format c’est assez suffisant pour un usage familiale quotidien;4;Négatif
good quality.;5;Positif
bad quality.;5;Négatif
mon produit;5;Positif
good quality;5;Positif
bad quality;5;Négatif
le meilleur des gels lavants;5;Positif
excellent produit;5;Positif
horrible produit;5;Négatif
je recommande vivement;4;Positif
doux;4;Positif
top;5;Positif
nul;5;Négatif
toooop;4;Positif
un produit top;4;Positif
un produit nul;4;Négatif
bon produit;3;Positif
mauvais produit;3;Négatif
good;4;Positif
bad;4;Négatif
topp;5;Positif
bien;4;Positif
mal;4;Négatif
tooooop;5;Positif
rapport qualité prix excellent ;5;Positif
rapport qualité prix horrible;5;Négatif
j’adore;3;Positif
j’adooore;5;Positif
jaime;5;Positif
super;4;Positif
affreux;4;Négatif
tooop;5;Positif
quantité très généreuse par rapport au prix;4;Positif
superrr;4;Positif
coup de coeur;5;Positif
top du top;5;Positif
nul du nul;5;Négatif
to;3;Positif
meilleur tarif;5;Positif
toppp;5;Positif
top top;5;Positif
nul nul;5;Négatif
la meilleure;5;Positif
je l’utilise pour ma fille de 6 ans elle a la peau sèche il est très bien ;4;Positif
je l’utilise pour ma fille de 6 ans elle a la peau sèche il est très mal;4;Négatif
mon coup de coeur!;5;Positif
nice;5;Positif
yhabel;5;Positif
waw;5;Positif
good product;5;Positif
bad product;5;Négatif
je le recommande ;4;Positif
brsmi mahleh w me ychayehch l peau w douce je recommande;5;Positif
<3;4;Positif
format tkafi w twaffi;4;Positif
bien pr tt la famille;2;Neutre
bien public_relations Palau la famille;2;Neutre
bien Puerto_Rico Palau la famille;2;Neutre
bien Puerto_Rico Palau lanthanum famille;2;Neutre
je valide;5;Positif
parfait pour usage familiale;4;Positif
terrible pour usage familiale;4;Négatif
in love;5;Positif
very good;5;Positif
very bad;5;Négatif
the best;5;Positif
tayara !;5;Positif
sfer !;5;Négatif
rapport qualité prix excellent;5;Positif
hayel;4;Positif
tres bien pour peau grasse;5;Positif
tres mal pour peau grasse;5;Négatif
très bien;5;Positif
très mal;5;Négatif
excellent;4;Positif
horrible;4;Négatif
tayara;5;Positif
sfer;5;Négatif
tayaraaa;5;Positif
il est top;5;Positif
il est nul;5;Négatif
excellent !!!!;5;Positif
horrible !!!!;5;Négatif
tayara;3;Positif
sfer;3;Négatif
très efficace;5;Positif
extraordinaire sensation de frais;4;Positif
votre peau grasse needs it !;5;Positif
raw3aaaaaaaa ;4;Positif
toppppp;5;Positif
mon gel préféré !;5;Positif
très bon;5;Positif
très mauvais;5;Négatif
j’ai utilisé svr sebiacleau ma peau est grasse a imperfections et je l’utilise depuis t 2 ans;5;Positif
over qualified;2;Neutre
over modify;2;Neutre
over qualify;2;Neutre
over stipulate;2;Neutre
parfait;4;Positif
terrible;4;Négatif
love it;5;Positif
très bien !;3;Positif
très mal !;3;Négatif
mon coup de coeur ;5;Positif
mon préféré;5;Positif
top!;5;Positif
si t’as des boutons c’est la solution ;4;Positif
the best ;4;Positif
sooo good;4;Positif
sooo bad;4;Négatif
every girls best friend;4;Positif
j’adore ;4;Positif
theee best ;4;Positif
je recommande le produit;4;Positif
oui;3;Positif
un bon gel netteoyant rapport qualité prix est au top;5;Positif
un mauvais gel netteoyant rapport qualité prix est au nul;5;Négatif
tayaraaaa;5;Positif
literally ahsen mafama;4;Positif
non pour moi;1;Négatif
not pour moi;1;Négatif
not decant moi;1;Négatif
bech njarbo;3;Positif
c’est pas trés efficace pour moi tala3li 7ab;1;Négatif
c’est dad trés efficace pour moi tala3li 7ab;1;Négatif
c’est public_address_system trés efficace pour moi tala3li 7ab;1;Négatif
ca passe;3;Positif
un peu asséchant;3;Positif
j’adore;5;Positif
très efficace je recommande vivement;5;Positif
nest3mlou w n3tykm elfeedback;1;Négatif
nest3mlou watt n3tykm elfeedback;1;Négatif
nest3mlou tungsten n3tykm elfeedback;1;Négatif
efficace..;4;Positif
magnifique;4;Positif
efficace;4;Positif
le produit est top;5;Positif
le produit est nul;5;Négatif
tayaraaa alekherrr;5;Positif
excellent !!!;5;Positif
horrible !!!;5;Négatif
good quality.  supeeer;5;Positif
bad quality. supeeer;5;Négatif
produit top;5;Positif
produit nul;5;Négatif
je recommande ;4;Positif
pas mal;4;Positif
behiya;4;Positif
amour;2;Neutre
affair;2;Neutre
efficacité top;4;Positif
efficacité nul;4;Négatif
le produit est découvert  top;5;Positif
le produit est découvert nul;5;Négatif
bon produit pour peau sèche;3;Positif
mauvais produit pour peau sèche;3;Négatif
tpo;4;Positif
u;2;Neutre
uranium;2;Neutre
U;2;Neutre
bon produit.;4;Positif
mauvais produit.;4;Négatif
إكتشاف;5;Positif
ta7foun 3alle5er;5;Positif
excellent remplacement pour cerave car ce n’est pas pour boycotter;4;Positif
horrible remplacement pour cerave car ce n’est pas pour boycotter;4;Négatif
produit efficace;5;Positif
wow;5;Positif
très efficace pour peau grassse a tendance acnéique !;5;Positif
ce gel est juste magnifique;5;Positif
ce gel est juste affreux;5;Négatif
for oily acne prone skin ;4;Positif
très bon produit;5;Positif
très mauvais produit;5;Négatif
super top;5;Positif
affreux nul;5;Négatif
​​;3;Positif
efficace pour peau grasse;5;Positif
bon x pas un excellent produit mais il fait l’affaire;3;Positif
mauvais x pas un horrible produit mais il fait l’affaire;3;Négatif
toopppp;5;Positif
je recommande vivement , top;4;Positif
je recommande vivement , nul;4;Négatif
tarif intéressant;5;Positif
tres efficase;4;Positif
effective and lightens dark spots;5;Positif
très très bon;5;Positif
très très mauvais;5;Négatif
trop cher malheureusement;5;Positif
raw3a malgrés cher mais efficace pour les taches brunes;4;Positif
cher mais efficase;4;Positif
très efficace pour les tâches brunes;4;Positif
j’adore je recommande;5;Positif
tres efficace;5;Positif
يعطي نتيجة من أول إستعمال;5;Positif
très bon produit et efficace;5;Positif
très mauvais produit et efficace;5;Négatif
très cher pour son efficacité ça ne marche pas aussi simple que ça;1;Négatif
très cher pour son efficacité ça Nebraska Marche public_address_system aussi simple que ça;1;Négatif
très cher pour son efficacité ça northeast Marche pas aussi simple que ça;1;Négatif
très cher pour son efficacité ça northeasterly Marche dad aussi simple que ça;1;Négatif
trés efficace;5;Positif
toop;5;Positif
efficace contre les tavhes sans irritation;5;Positif
miraculeux;5;Positif
j‘adore;5;Positif
j’ai trouvé de bons résultats avec ce produit qui m’a enlevé les taches brunes;5;Positif
le rapport qualité prix est non équilibré;3;Positif
ghali;2;Neutre
"il est bon en combiant avec une creme hydratante
mais il est un peu chere";3;Positif
il est mauvais en combiant avec une creme hydratante mais il est un peu chere;3;Négatif
produit parfait pour réduire les taches;5;Positif
produit terrible pour réduire les taches;5;Négatif
vraiment top avec continuation;5;Positif
vraiment nul avec continuation;5;Négatif
je recommande top du top;5;Positif
je recommande nul du nul;5;Négatif
excellent le meilleur;5;Positif
horrible le meilleur;5;Négatif
ce soin est très efficace;5;Positif
rop;5;Positif
incroyable;5;Positif
moins efficace que le serum;4;Positif
top je recommande fortement;5;Positif
nul je recommande fortement;5;Négatif
nice product;5;Positif
franchement toppp;5;Positif
ejebni bech nawed menou;5;Positif
encore dispo??;5;Positif
behi barcha;5;Positif
coup de cœur ;5;Positif
bon site;5;Positif
mauvais site;5;Négatif
top de top;5;Positif
nul de nul;5;Négatif
bon nettoyant;4;Positif
mauvais nettoyant;4;Négatif
coup de cœur  toooooppp;5;Positif
el gamme el cool mta3 la roche posay tayyaraa;5;Positif
le meilleur;5;Positif
tahfoun;5;Positif
nul déconseillé pour la peau sèche.;1;Négatif
nul déconseillé decant lanthanum peau sèche.;1;Négatif
nul déconseillé pour lanthanum peau sèche.;1;Négatif
top ;5;Positif
behi lil wjeh li yztet;5;Positif
parfait pour une peau mixte à grasse;5;Positif
terrible pour une peau mixte à grasse;5;Négatif
tayara mchee m3aya ena peau grasses;5;Positif
sfer mchee m3aya ena peau grasses;5;Négatif
adorable;4;Positif
top one;5;Positif
nul one;5;Négatif
just waaaaaw ;5;Positif
ye;1;Négatif
mcha m3aya;5;Positif
il a une texture très visqueuse;5;Positif
le meilleure;5;Positif
i love it;5;Positif
mezel andkom menou?;5;Positif
soum behii;5;Positif
nheb wehed ekher;5;Positif
trés efficace pour peaux grasses;5;Positif
le meilleur gel nettoyent pour le peaux grasse;5;Positif
top produit;4;Positif
nul produit;4;Négatif
ynadhef;5;Positif
behy ama sa3at n7essou yshaya7 barsha lezmou m3ah crème hydratante adéquate;3;Positif
parfait pour peau grasse;4;Positif
terrible pour peau grasse;4;Négatif
ychaya7 barcha;2;Neutre
j’aime;4;Positif
meilleure gamme;5;Positif
ynadhef l peau bl behi;3;Positif
ynadhef mli7 w ychaya7 el wejh;4;Positif
top yoktel;4;Positif
nul yoktel;4;Négatif
convient mieux aux peaux grasses pas sensibles.gamma trop parfumée et irritante. pas catastrophique;2;Neutre
convient mieux aux peaux pot pascal sensibles.gamma trop parfumée et irritante. pascal catastrophique;2;Neutre
convient mieux aux peaux Grass protactinium sensibles.gamma trop parfumée et irritante. dad catastrophique;2;Neutre
convient mieux aux peaux pot protactinium sensibles.gamma trop parfumée et irritante. dad catastrophique;2;Neutre
top top ;5;Positif
toop ;4;Positif
excellent pour les peaux mixtes;5;Positif
horrible pour les peaux mixtes;5;Négatif
svr toujours au top;5;Positif
svr toujours au nul;5;Négatif
just for oily skin;1;Négatif
just for buttery hide;1;Négatif
just for buttery skin;1;Négatif
j’addoooreee;4;Positif
mche m3aya;3;Positif
ok;3;Positif
cv;1;Négatif
one_hundred_five;1;Négatif
seulement pour peaux grasses! à éviter pour les peux normales à sèches;4;Positif
top du top ,,;4;Positif
nul du nul ,,;4;Négatif
depuis 15 ans;5;Positif
produit top de top;5;Positif
produit nul de nul;5;Négatif
the best ;5;Positif
a recommander;4;Positif
…..f;4;Positif
bon qualité-prix;4;Positif
mauvais qualité-prix;4;Négatif
c’est magnifique pour la peau grasse;5;Positif
c’est affreux pour la peau grasse;5;Négatif
mchee maaya;5;Positif
yaser ta7foun peau mixte;5;Positif
parfait pour peaux grasses;5;Positif
terrible pour peaux grasses;5;Négatif
perfect for oily skin;5;Positif
9alou behy ;4;Positif
bon rapport qualité prix;4;Positif
mauvais rapport qualité prix;4;Négatif
pas trop;2;Neutre
Pennsylvania trop;2;Neutre
dispo?;5;Positif
topppp;5;Positif
super ;4;Positif
excellent gel nettoyant;4;Positif
horrible gel nettoyant;4;Négatif
très bn produit;4;Positif
il est trop bien pour une peau mixte à grasse;4;Positif
il est trop mal pour une peau mixte à grasse;4;Négatif
ychaya7 peau barcha;1;Négatif
behii lil peau grasse ama yeser ychaya7 wejh lil peau normale;4;Positif
loove ;5;Positif
il y a beaucoup mieux pour le prix;3;Positif
ken peau sèche ychaya7ha ale5r;4;Positif
les dermatologues l’aiment. un bon produit, n’enlève pas le maquillage super bien. mais c’est parce qu’il est très doux. accompagner par une eau micellaire avant.;5;Positif
les dermatologues l’aiment. un mauvais produit, n’enlève pas le maquillage affreux bien. mais c’est parce qu’il est très doux. accompagner par une eau micellaire avant.;5;Négatif
gooooldd;5;Positif
top top top;5;Positif
nul nul nul;5;Négatif
rapport qualité prix acceptable. je conseille la grande taille.;4;Positif
qualité incroyable je recommande;4;Positif
i like it;3;Positif
parfait pour une peau mixte;5;Positif
terrible pour une peau mixte;5;Négatif
surprisiingly gentle;4;Positif
perfect;5;Positif
efficace pour peaux acnéique;3;Positif
tahfoun wmche maya;5;Positif
yecer tayara franchement;4;Positif
yecer sfer franchement;4;Négatif
à utiliser sans hésitation;5;Positif
toujours disponible?;5;Positif
vraiment top !;5;Positif
vraiment nul !;5;Négatif
je recommande !;5;Positif
mche maya alekher;5;Positif
bonne qualité;5;Positif
il est bien mais je préfère l’huile lavante pour peau sèche;4;Positif
il est mal mais je préfère l’huile lavante pour peau sèche;4;Négatif
je recommande pour toute la famille;5;Positif
vraiment top;5;Positif
vraiment nul;5;Négatif
"smells so good
refreshing";4;Positif
smells so bad refreshing;4;Négatif
top sur tout pour les peaux sensibles;5;Positif
nul sur tout pour les peaux sensibles;5;Négatif
je le recommande;5;Positif
j’ai été surprise par la quantité généreuse du produit et surtout la bonne odeur du gel;5;Positif
top pour le peau sèche;5;Positif
nul pour le peau sèche;5;Négatif
pour le corps, pour le visage non;4;Positif
meilleur produit;5;Positif
"moch tayara lha9 mamchach m3aya
tala3li hbob fi wejhi";1;Négatif
moch tayara lha9 mamchach m3aya tala3li hbob fi wejhi;1;Négatif
the best hydration cream excellent result excellent excellent in everything;5;Positif
the best hydration cream horrible result horrible horrible in everything;5;Négatif
hydratant et elle a un effet matifiant à la fois j’adore;5;Positif
bien pour peau grasse;4;Positif
mal pour peau grasse;4;Négatif
apaisante et anti marques comme promis. idéale pour accompagner un traitement curacné. peut être trop lourde peut être à cause du beurre de shea. l’une des rares crèmes contenant niacinamide + céramides en tunisie.;4;Positif
goood meilleur hydratation;5;Positif
produit de haute hydratation;5;Positif
il est bien pour la peau grasse;4;Positif
il est mal pour la peau grasse;4;Négatif
mieux que les autres;3;Positif
crème hydratante excellente pour peux grasse;4;Positif
répare et apaise la peau, aide à réduire les marques.;5;Positif
trop bon;5;Positif
trop mauvais;5;Négatif
good composition;4;Positif
bad composition;4;Négatif
j’adore le produit, il est tres hydratant et donne un effet matifiant à la fois.;5;Positif
wakteh toufa la promo?;5;Positif
my favourite;5;Positif
franchement produit tayara;5;Positif
franchement produit sfer;5;Négatif
très efficace!;5;Positif
aaa;4;Positif
résultat efficace !;5;Positif
juste wawww;4;Positif
approuvé;5;Positif
testé et approuvé;5;Positif
behyy aalkhr;3;Positif
tres bien;3;Positif
tres mal;3;Négatif
je le recommande vivement;5;Positif
j’aime trop il hydrate au profond !;5;Positif
magnifique produit ;4;Positif
affreux produit;4;Négatif
hydratation totale merci beaucoup;5;Positif
il fonctionne comme la magie;5;Positif
hydratation moyenne. pas d’effet visible sur la peau.;3;Positif
andi barcha nestamel fih;5;Positif
parmis les meilleurs, top malgré ma peau grasse mche m3aya;4;Positif
parmis les meilleurs, nul malgré ma peau grasse mche m3aya;4;Négatif
j’adore mais pour les peaux non sensibles;5;Positif
not for everyday, but good;4;Positif
not for everyday, but bad;4;Négatif
excellent résultat en seulement 15 jour;5;Positif
horrible résultat en seulement 15 jour;5;Négatif
soin de jour efficace avec son  ecran;5;Positif
beau tarif ;4;Positif
the best for me ;5;Positif
khthitou ejebni !;5;Positif
top la promo !;5;Positif
nul la promo !;5;Négatif
behi;5;Positif
j’ai aimé;4;Positif
parfait lel peaux grasses;4;Positif
terrible lel peaux grasses;4;Négatif
good for mixed skin;4;Positif
bad for mixed skin;4;Négatif
top mais il y a mieux;4;Positif
nul mais il y a mieux;4;Négatif
mezel en rupture?;5;Positif
je l\’ai utilisé il est bien;5;Positif
je l\’ai utilisé il est mal;5;Négatif
super produit à essayer;5;Positif
affreux produit à essayer;5;Négatif
100% je l’utilise toujours;5;Positif
jarbetou behy lél peau sèche;5;Positif
ce n’est pas un gel nettoyant quotidien pour peau mixte. à réserver aux peaux plutôt sèches intolérantes atopiques etc… ou en gel douche.;3;Positif
j’aime ce produit;5;Positif
parfait pour la peau séche;5;Positif
terrible pour la peau séche;5;Négatif
…;5;Positif
……….n..m…;4;Positif
super produit;5;Positif
affreux produit;5;Négatif
my favourite ;5;Positif
ce que j’aime ;4;Positif
je veux repasser commande;5;Positif
my fav !;5;Positif
remplace le.fond de teint;4;Positif
toppppp  tamchi maae beau bidhaa sinon kn samra chwaya je conseille khoudh medium;4;Positif
mech khayeb;4;Positif
texture ejbtnich barcha;4;Positif
what are these shades svr ? ;3;Positif
tres bien et hydratante;4;Positif
tres mal et hydratante;4;Négatif
moyen;2;Neutre
bonne;4;Positif
parfum suffocant;3;Positif
idéal pour une peau normale!;4;Positif
pas pour les peaux grasses;1;Négatif
dad pour lupus_erythematosus peaux grass;1;Négatif
dad pour lupus_erythematosus peaux supergrass;1;Négatif
efficace je recommande vivement;5;Positif
il améliore nettement la qualité de la peau;4;Positif
yekhou wa9t bch tla7edh résultat;4;Positif
efficase;4;Positif
je recommande !!!waw;5;Positif
efficace ;4;Positif
efficace je recommande !;5;Positif
yna9es l boutons n7otou f lil f nhar nal9aha tfet;5;Positif
efficace !;4;Positif
excellent produit!!;5;Positif
horrible produit!!;5;Négatif
efficace pour les traces;4;Positif
produit magique je le recommande vivement;5;Positif
on l a utilisé pour une teratospermie severe 2% on apres 4 mois ca passe a 5% . je recommande;5;Positif
"bons produits conformes à mes attentes et livraison au top ; je recommande vivement";5;Positif
"bons produits conformes à mes attentes et livraison au nul ; je recommande vivement";5;Négatif
produit excellent;5;Positif
produit horrible;5;Négatif
الافضل تاثيرا لجودة الحيوانات المنوية مع الانتظام في تناوله لمدة لا تتجاوز 3 اشهر يقع خلالها الحمل باذن الله;5;Positif
المشكل الوحيد هو الثمن مرتفع جدا;5;Positif
good je recommande;4;Positif
bad je recommande;4;Négatif
منتج رائع جدا و مفيد;5;Positif
ejbetni el texture mteou;5;Positif
tayaraa alekher;5;Positif
ce que j’aime le plus c est que ce produit apporte un toucher sec a la peau et c’est genial car on aime pas que la texture sois grasse sur le visage;5;Positif
ce que j’aime le plus c est que ce produit apporte un toucher sec a la peau et c’est genial car on déteste pas que la texture sois grasse sur le visage;5;Négatif
texture behya barcha;4;Positif
bonne texture;4;Positif
mayzarra9ch;5;Positif
un coup de coeur;5;Positif
best one ever;4;Positif
meilleur texture;5;Positif
aspect tahfoun;5;Positif
heyla;5;Positif
bon;4;Positif
mauvais;4;Négatif
texture agréable;4;Positif
texture désagréable;4;Négatif
mon indispensable;5;Positif
texture ;5;Positif
tres bon;4;Positif
tres mauvais;4;Négatif
texture top;4;Positif
texture nul;4;Négatif
son effet est bien mais pas pour les peaux hyper grasses;3;Positif
son effet est mal mais pas pour les peaux hyper grasses;3;Négatif
best one so far ;5;Positif
yhaball ama fih effet orange;4;Positif
texture ejbetni mais ma ysee3dch barcha  les peaux grasses;4;Positif
super pour les peaux grasses;4;Positif
affreux pour les peaux grasses;4;Négatif
texture tayara;5;Positif
texture sfer;5;Négatif
couvrante excellente;5;Positif
magic sun secure;5;Positif
excellent choix pour protéger ma peau;5;Positif
horrible choix pour protéger ma peau;5;Négatif
j’aime la texture. bon rapport qualité prix.;5;Positif
j’aime la texture. mauvais rapport qualité prix.;5;Négatif
l’excellence du produit iconique svr sun secure blur avec une teinte matifiante exceptionnelle;5;Positif
bonne mine;5;Positif
mahleh;5;Positif
thé best;4;Positif
la texture toop;5;Positif
yhabal aman;5;Positif
je recommande cet article vivement;5;Positif
bien ;5;Positif
mal;5;Négatif
top ! leger, invisible et toucher sec;5;Positif
nul ! leger, invisible et toucher sec;5;Négatif
le meilleur écran  mais le seul problème c’est le parfum qui me pique les yeux !;5;Positif
all around good product;4;Positif
all around bad product;4;Négatif
texture fine w ta3ty effet naturel;5;Positif
excellente;5;Positif
nekmandi dima menou behi;5;Positif
je recommande bientôt;5;Positif
je recommande vivement !!;5;Positif
exellente pour les peaux sensible;5;Positif
dispo !!;5;Positif
j’adore ce produit;5;Positif
meilleurs écran pour peaux mixte je l utilisé depuis deux ans  toucher velouté et au niveau protection elle est parfaite j adore ;5;Positif
excellent pour les peaux sensibles et grasses;5;Positif
horrible pour les peaux sensibles et grasses;5;Négatif
ahssen écran lel peau mixte à grasse;5;Positif
excellente protection;5;Positif
top je recommande;5;Positif
nul je recommande;5;Négatif
la meilleur;5;Positif
j’adore la protection;5;Positif
c’est le meilleur;5;Positif
des  prix raisonnables;5;Positif
les prix sont intéressants;5;Positif
أسوان راءعة;5;Positif
behya lil peau grâce;4;Positif
parfaite pour une mixte à grasse;5;Positif
excellent pour les peaux grasses !;5;Positif
horrible pour les peaux grasses !;5;Négatif
tayara llpeau grasses;5;Positif
sfer llpeau grasses;5;Négatif
top top a9wa écran sta3mltha;5;Positif
nul nul a9wa écran sta3mltha;5;Négatif
ساعدني باش نحمي روحي من الشمس;5;Positif
produit tooop;5;Positif
top par experience;4;Positif
nul par experience;4;Négatif
je recommande vivement top du top;5;Positif
je recommande vivement nul du nul;5;Négatif
j’aime bien;5;Positif
j’aime mal;5;Négatif
excellent pour peau grasse ;5;Positif
horrible pour peau grasse;5;Négatif
texture mahleha ;5;Positif
tpp;5;Positif
super produit merci!!;5;Positif
affreux produit merci!!;5;Négatif
the best everr ;5;Positif
raw3a;4;Positif
top merci;5;Positif
nul merci;5;Négatif
je bien recommande;5;Positif
je mal recommande;5;Négatif
il aide à fortifier les ongles et le cheveux;4;Positif
il m’aide à fortifier les ongles et le cheveux;5;Positif
qualité top;5;Positif
qualité nul;5;Négatif
gooddd;5;Positif
démunie les boutons;4;Positif
qualité fort doppelherz;3;Positif
normal;4;Positif
recommandé par un gynécologue;5;Positif
très bonne qualité;5;Positif
produit de haute qualite;5;Positif
un bon produit pour la fertilité;5;Positif
un mauvais produit pour la fertilité;5;Négatif
ke recommande pour les diabete;4;Positif
le meilleur produit de sa catégorie;5;Positif
comment l\’utiliser?;5;Positif
je continue à acheter ce produit;5;Positif
prix très raisonnable;5;Positif
the perfect one  for oily skin;5;Positif
l’indispensable de l’été très bonne protection;5;Positif
prix raisonnable pour un excellent produit;4;Positif
prix raisonnable pour un horrible produit;4;Négatif
magnifique!;4;Positif
جيد;5;Positif
جيد جدا;5;Positif
incr !;5;Positif
my favorite;5;Positif
toopp;4;Positif
top du top celui ci;5;Positif
nul du nul celui ci;5;Négatif
b1;5;Positif
bn prd;4;Positif
rafraîchissant ;5;Positif
j’adore cette eau thermes de la marque avène pour la sensation de fraicheur qu’elle me donne;5;Positif
cette eau thermale est indispensable pendant l’été ! a la plage, après avoir conduit sous le soleil, à la sortie d’un hammam, je l’utilise pour moi et pour mes enfants, et elle est top !;5;Positif
cette eau thermale est indispensable pendant l’été ! a la plage, après avoir conduit sous le soleil, à la sortie d’un hammam, je l’utilise pour moi et pour mes enfants, et elle est nul !;5;Négatif
je le confirme, elle m’est indispensable en été, j’ai essayé une autre eau thermale, mais elle n’est pas comme l’avene, je le recommande vivement;5;Positif
hydratation ;5;Positif
trs efficase;5;Positif
avene top;5;Positif
avene nul;5;Négatif
frais et bon;4;Positif
frais et mauvais;4;Négatif
elle rafraîchit comme pas possible;5;Positif
excellent ;5;Positif
horrible;5;Négatif
apres un coup de soleil, tres efficace, apaisant et rafraichissant;5;Positif
 tooop;4;Positif
just water but good;3;Positif
just water but bad;3;Négatif
impeccable produit  benifits sur le peau je recommande;5;Positif
good quality. tayara;5;Positif
bad quality. sfer;5;Négatif
mche maaya, ychaya7 l 7ab w ma ychay7ch l wejh;5;Positif
a9wa gel nettoyant <3 <3;5;Positif
merci beaucoup;5;Positif
parfait pour les peaux mixtes sauf que c’est une marque à boycotter dorénavant;3;Positif
terrible pour les peaux mixtes sauf que c’est une marque à boycotter dorénavant;3;Négatif
top de top ;5;Positif
magnifique ;4;Positif
no;1;Négatif
nobelium;1;Négatif
its great;3;Positif
nettoie et hydrate bien la peau.;5;Positif
nettoie et hydrate mal la peau.;5;Négatif
tal3li 7boub ta7t l jelda;2;Neutre
tal3li 7boub ta7t liter jelda;2;Neutre
bonne qualité.;4;Positif
tres efficace je l achete tjr;5;Positif
ahssen produit jarabet des marques okhrin houa haja okhra d’ailleurs dermatologue hiya eli katli 3lih we jarabtou we mandemtech;5;Positif
topp du top;5;Positif
topp du nul;5;Négatif
produit tayara;5;Positif
produit sfer;5;Négatif
top ;4;Positif
nul;4;Négatif
bien eficace;5;Positif
mal eficace;5;Négatif
top par expérience;5;Positif
nul par expérience;5;Négatif
topp du toop;5;Positif
mon produit  préféré;5;Positif
simple hydratation;2;Neutre
elementary hydratation;2;Neutre
bare hydratation;2;Neutre
hydratant ;5;Positif
hydrate bien sans laisser des traces sur le visage.;5;Positif
hydrate mal sans laisser des traces sur le visage.;5;Négatif
j’ai trop aimé;4;Positif
"ahsen creme hydratante 619
non sticky
mafihech rihet parfum kweya";5;Positif
ma ejbetnich barcha simple;2;Neutre
Massachusetts ejbetnich barcha bare;2;Neutre
milliampere ejbetnich barcha simple;2;Neutre
mchet m3aya bel behiii;5;Positif
hydrate  bien;5;Positif
hydrate mal;5;Négatif
hylaaa ;5;Positif
100% ;5;Positif
nheb nzid nechri menou;4;Positif
jadoree;5;Positif
good quality ;5;Positif
je l’utilise depuis plusieurs années.très efficace pour éclairer les taches brunes et non piquante aux yeux;5;Positif
jadoreee;5;Positif
éclat magnifique;5;Positif
éclat affreux;5;Négatif
mahlehh;5;Positif
khfif aal wejh alekher et nettoie bien w 3aweni bch nfateh wjhi w hatta les trace d’acné f modda 9sira brsmi toooooopp blch moubel8a;5;Positif
khfif aal wejh alekher et nettoie mal w 3aweni bch nfateh wjhi w hatta les trace d’acné f modda 9sira brsmi toooooopp blch moubel8a;5;Négatif
baume cerave hydratante, je l’utilise pour mon visage, j’ai la peau très sensible à sèche, elle est juste parfaite ;5;Positif
meilleur baume hydratant que je utiliser ;5;Positif
magnifique ;5;Positif
affreux;5;Négatif
parfaite ;5;Positif
yrateb l bdan wl wejh bl behi;5;Positif
impeccable ;5;Positif
magnifique je l’utilise depuis des années;5;Positif
affreux je l’utilise depuis des années;5;Négatif
très efficace pour peau grasse ou normale;4;Positif
,……………;5;Positif
g g….gg…….g;4;Positif
incroyable  ;4;Positif
topppo;5;Positif
une tuerie;5;Positif
validé;5;Positif
behy lel peau sèche et sensible;4;Positif
love;5;Positif
je le recommande très fort;5;Positif
good cleanser;4;Positif
bad cleanser;4;Négatif
je recommande surtt pour les boutons et les boules de graisse;5;Positif
behi barsha;4;Positif
good one;4;Positif
bad one;4;Négatif
je recommande!;5;Positif
waww;4;Positif
trés bon produit, difference remarquée dans les deux premieres semaines d’utilisation;5;Positif
trés mauvais produit, difference remarquée dans les deux premieres semaines d’utilisation;5;Négatif
nettoie en profondeur wow;5;Positif
pour les peaux normale à mixtes;4;Positif
mon coup de coeur;5;Positif
heyeel;4;Positif
super prix très raisonnable;5;Positif
affreux prix très raisonnable;5;Négatif
3jbni brcha;5;Positif
behia;4;Positif
génial comme écran, la texture est top;5;Positif
génial comme écran, la texture est nul;5;Négatif
goodd;5;Positif
c’est superbe;4;Positif
behya;3;Positif
tres bonne qualiée vraiment !!!!;5;Positif
ttttop;4;Positif
toujours au top;5;Positif
toujours au nul;5;Négatif
wesletni lcommande ayechkom;5;Positif
efficace mais je ne le conseille pas aux peaux sensibles;4;Positif
waaawh;5;Positif
effet visible à partir de deux mois d’utilisation;4;Positif
aswemkom raisonnable;4;Positif
se sent hydratant , très eclaircissant et donne des resultats wow;5;Positif
déconseillé aux peaux sensibles;3;Positif
le meilleur : visage éclairé;5;Positif
ta7foun;4;Positif
y3ti éclat lil wejh ama mayn7ch trace d’acné;4;Positif
aucun effet;1;Négatif
top, ya3ti éclat fl wejh w yna9es m trace l 7ab w les tâches brunes;5;Positif
pas mal il donne un éclat au visage il faut être assidu pour remarquer un résultat;4;Positif
mamchech avec mon type de peau peut être, texture un peu lourde sur ma peau j’ai eu des boutons;2;Neutre
mamchech avec Mon type Delaware peau peut être, texture United_Nations peu lourde Sur Massachusetts peau j’ai European_Union diethylstilbestrol boutons;2;Neutre
mamchech avec Mon type Delaware peau peut être, texture United_Nations peu lourde Sur Master_of_Arts peau j’ai europium Delaware boutons;2;Neutre
à recommandé;5;Positif
big fan;5;Positif
éclat magique;5;Positif
produit top top;5;Positif
produit nul nul;5;Négatif
merci . très efficace;5;Positif
tyara;4;Positif
un produit de grande éclate;5;Positif
c le meilleur ;5;Positif
"bon produit ,donne un petit coup d éclat au teint terne
mon conseil d’utilisation :
a appliquer sous la crème solaire pour plus d’efficacité";5;Positif
mauvais produit ,donne un petit coup d éclat au teint terne mon conseil d’utilisation : a appliquer sous la crème solaire pour plus d’efficacité;5;Négatif
il faut persévérer  résultat garanti mais après deux mois d’utilisation;4;Positif
magique;5;Positif
éclat visible et peau plus fraîche après application.;5;Positif
good vitamin c;4;Positif
bad vitamin c;4;Négatif
svr top;3;Positif
svr nul;3;Négatif
ce produit est top ;5;Positif
ce produit est nul;5;Négatif
metwaset;3;Positif
tooo;5;Positif
coup d’éclat remarquable avec le temps;4;Positif
pas pour peau grasse;1;Négatif
public_address_system pour peau grasse;1;Négatif
protactinium decant peau grasse;1;Négatif
top rapport qualité prix;4;Positif
nul rapport qualité prix;4;Négatif
gooooood;4;Positif
le meilleur serum vitamine c à partir men troisième jours tchouf changement fel peau ya3yti effet éclat;5;Positif
résultat bluffant;4;Positif
behy brcha ll les boutons;4;Positif
it’s sooo good so far jarbto 9bl o twa bch n3awed mno 5tr howa lw7id li 7asito y5dem bl bhi 3la skin mtei;5;Positif
it’s sooo bad so far jarbto 9bl o twa bch n3awed mno 5tr howa lw7id li 7asito y5dem bl bhi 3la skin mtei;5;Négatif
je l’ai utilisé auparavant et il vas très bien avec ma peau il m’a réduit les acnés je le recommande pour les peaux mixtes à grasses à tendance acnéique;5;Positif
je l’ai utilisé auparavant et il vas très mal avec ma peau il m’a réduit les acnés je le recommande pour les peaux mixtes à grasses à tendance acnéique;5;Négatif
toujours aven;5;Positif
tayara youfa nechri wehed e5er il s’accorde parfaitement avec ma peau;5;Positif
sfer youfa nechri wehed e5er il s’accorde parfaitement avec ma peau;5;Négatif
bahya ll les points noirs !;4;Positif
"efficace to9tel l7boub
 je recommande";5;Positif
je l’utilise avec l’acide salicylique pour mes boutons et c’est très efficace;4;Positif
excellent je viens de l’acheter encore une fois tellement il va avec ma peau;5;Positif
horrible je viens de l’acheter encore une fois tellement il va avec ma peau;5;Négatif
excellent je vais de l’acheter encore une fois tellement il va parfaitement avec ma peau;5;Positif
horrible je vais de l’acheter encore une fois tellement il va parfaitement avec ma peau;5;Négatif
mamchech barcha mayaa;2;Neutre
j aime bc c un bon produit je l achete tjr;5;Positif
j déteste bc c un mauvais produit je l achete tjr;5;Négatif
super hydratant;5;Positif
affreux hydratant;5;Négatif
aussi bonne quantité;5;Positif
très hydratant;5;Positif
trés hydratant;5;Positif
odeur agréable;5;Positif
odeur désagréable;5;Négatif
good for sensitive skin.;5;Positif
bad for sensitive skin.;5;Négatif
parfaite;5;Positif
très bonne;5;Positif
behya barcha l peau sensible;4;Positif
bech njarbha;3;Positif
not ideal for sensitive skin. should only be applied directly on active acne. it draws out the whiteheads, causing the acne to come to a head. it can make the acne pop;3;Positif
couvrance behii;5;Positif
bad product;1;Négatif
nheb nzid nekhou;5;Positif
top top pour peau sèche;5;Positif
nul nul pour peau sèche;5;Négatif
huile lavande qui mousse bien nettoie mais laisse un peu la peau sèche;4;Positif
huile lavande qui mousse mal nettoie mais laisse un peu la peau sèche;4;Négatif
tres efficace pour les peaux seches;5;Positif
il hydrate bien la peau sèche;5;Positif
il hydrate mal la peau sèche;5;Négatif
voila;1;Négatif
la peau demeure bien hydratée grâce à cette huile qui la nettoie parfaitement ! ;5;Positif
la peau demeure mal hydratée grâce à cette huile qui la nettoie parfaitement !;5;Négatif
!;4;Positif
je l’utilise pour ma fille atteinte d’eczema afin de l’hydrater et pas avoir la peau sèche;4;Positif
excellent produit, je l’ai acheté plusieurs fois pendant des années, je l’ai changé une fois mais je suis revenue vers lui , et je ne le changerai pas!;5;Positif
horrible produit, je l’ai acheté plusieurs fois pendant des années, je l’ai changé une fois mais je suis revenue vers lui , et je ne le changerai pas!;5;Négatif
meilleur baume à lévres du monde!;5;Positif
j’utilise la gamme cerave depuis 3 années, j’ai la peau sèche à sensible, cette crème moussante est juste parfaite, elle netoie la peau en profondeur et laisse la peau bien hydrater et lisse;5;Positif
j’utilise la gamme cerave depuis 3 années, j’ai la peau sèche à sensible, cette crème moussante est juste parfaite, elle netoie la peau en profondeur et laisse la peau mal hydrater et lisse;5;Négatif
the perfect cleanser ever;5;Positif
après une semaine d’utilisation matin et soir, je constate une amélioration de mes cernes bleues, avec une bonne hydratation;5;Positif
les crèmes yeux sont une arnaque;2;Neutre
lupus_erythematosus crèmes yeux sont une arnaque;2;Neutre
bonne marque;5;Positif
super bien;5;Positif
affreux mal;5;Négatif
à essayer;3;Positif
mon médecin m’a recommandé ce produit pour éviter la formation des tâches puisque m’a peau a tendance à produire des tâches;3;Positif
excellente, je l’ai utilisé en traitement pour mon visage, cette crème m’a été recommandé par le dermato, et elle était excellente;4;Positif
top quality , aawnetni barcha maa mon peau sèche;5;Positif
nul quality , aawnetni barcha maa mon peau sèche;5;Négatif
meilleur crème hydratante;5;Positif
creme hydratante legere tres efficae pour une peau sensible;5;Positif
ça donne la meilleure hydratation ;5;Positif
le produit hydrate tres bien mais j’ai pas aimé l’odeur du produit.;3;Positif
le produit hydrate tres mal mais j’ai pas aimé l’odeur du produit.;3;Négatif
pour une bonne hydratation;4;Positif
jarabtou mahleh;4;Positif
machkour;5;Positif
c un bon produit;5;Positif
c un mauvais produit;5;Négatif
excellent pour peaux mixtes à grasses;5;Positif
horrible pour peaux mixtes à grasses;5;Négatif
qualité top !!;5;Positif
qualité nul !!;5;Négatif
tahfoun l acné;4;Positif
prévient les boutons super;5;Positif
prévient les boutons affreux;5;Négatif
le meilleur pour peau sensible;5;Positif
le meilleur pour éliminer les boutons;4;Positif
bon produit qui atténue les imperfections, donne une belle mine mais je n’ai pas remarqué un grand changement par rapport aux pores dilatés;4;Positif
mauvais produit qui atténue les imperfections, donne une belle mine mais je n’ai pas remarqué un grand changement par rapport aux pores dilatés;4;Négatif
haja top;4;Positif
haja nul;4;Négatif
skin saver;4;Positif
lisse la peau;5;Positif
may3mil chay;2;Neutre
aucun effet pour moi;1;Négatif
je l’utilise depuis des années , super produit;5;Positif
je l’utilise depuis des années , affreux produit;5;Négatif
top;4;Positif
très moyen;2;Neutre
prix imbattable;5;Positif
le meilleur des gels nettoyant pour peau mixte;5;Positif
il est bien mais trop cher par rapport au format normal;4;Positif
il est mal mais trop cher par rapport au format normal;4;Négatif
recharge super pratique;5;Positif
recharge affreux pratique;5;Négatif
defilitly gonna buy it again;4;Positif
je vais surement le prendre encore plusieurs fois il est trop pratique;5;Positif
ps mal;2;Neutre
postscript mal;2;Neutre
P mal;2;Neutre
phosphorus mal;2;Neutre
yes;5;Positif
wawww;4;Positif
convient aux peaux grasse,  n’irrite pas la peau;5;Positif
rapport qualité-prix;4;Positif
hakeka w bara;4;Positif
top du top !;5;Positif
nul du nul !;5;Négatif
c’est la meilleure eau micellaire.;5;Positif
c mon coup de coeur;5;Positif
<3 <3;5;Positif
excellent produit et pas cher du tout;5;Positif
horrible produit et pas cher du tout;5;Négatif
l’une des meilleur eau micellaire que j’ai essayé;5;Positif
efficace, très bon produit;5;Positif
efficace, très mauvais produit;5;Négatif
c le meilleure démaquillant;4;Positif
best product ;5;Positif
douces et rafraichissantes;4;Positif
les meilleures;4;Positif
ça donne un coup d’éclat;3;Positif
super produit!;4;Positif
affreux produit!;4;Négatif
useless;1;Négatif
top ce produit;5;Positif
nul ce produit;5;Négatif
donne une fraîcheur;2;Neutre
Donne une fraîcheur;2;Neutre
il est bien;4;Positif
il est mal;4;Négatif
il fait l’affaire;3;Positif
c vas;3;Positif
j’adore ce produit efficace,douc et adorable pour une peau éclatante au quotidien;5;Positif
mon gel nettoyant préféré;5;Positif
hé recommande;3;Positif
mcha m3aya w ma ychai7ch l wejh;4;Positif
top je l’utilise toujours;5;Positif
nul je l’utilise toujours;5;Négatif
top inadhef bellgdé;3;Positif
nul inadhef bellgdé;3;Négatif
nesta3mel fih mche maya;4;Positif
le prix tayara;5;Positif
le prix sfer;5;Négatif
j’ai adoré;3;Positif
incr pour les peaux sensibles !;5;Positif
<3 <3 <3 <3;5;Positif
daloul;3;Positif
mahleh efficace;5;Positif
c produit est juste magnifique… j’ai la peau sensible ;5;Positif
exellent;5;Positif
svr is on top;4;Positif
svr is on nul;4;Négatif
leger. bien;4;Positif
leger. mal;4;Négatif
lègére sur la peau;3;Positif
très pratique;5;Positif
ideal pour l’été;5;Positif
rafraîchissant;5;Positif
le meilleur ;5;Positif
best product;5;Positif
good!;5;Positif
qualité;5;Positif
un produit parfait et surtout qui n’est pas gras;5;Positif
un produit terrible et surtout qui n’est pas gras;5;Négatif
<3 j'aimeee;4;Positif
superr;3;Positif
produit est très efficace;5;Positif
je suis très satisfaite de ce produit;5;Positif
je recommende;4;Positif
my fav;5;Positif
il laisse ma peau douce et hydratée, avec une sensation de fraîcheur durable. facile à appliquer , il est parfait pour un soin rapide et efficace.;5;Positif
il laisse ma peau douce et hydratée, avec une sensation de fraîcheur durable. facile à appliquer , il est terrible pour un soin rapide et efficace.;5;Négatif
tahfoun 3alle5er;5;Positif
le médecin que j’ai visité m’a recommandé ce produit . j’ai une peau mixte;3;Positif
stamaltou behi;5;Positif
soum maakoul;5;Positif
un des meilleurs pour moi;5;Positif
"good quality
";5;Positif
mon coup de cœur;5;Positif
la qualité top;5;Positif
la qualité nul;5;Négatif
trop pauvre pour acheter de l’eau en cannette;2;Neutre
trop pauvre pour acheter Delaware l’eau en cannette;2;Neutre
apaisante après les coups de soleil;5;Positif
rafraichissant;5;Positif
doux sur la peau mais spf chwaya;2;Neutre
doux Sur la peau mais sun_protection_factor chwaya;2;Neutre
doux Sur Louisiana peau mais sun_protection_factor chwaya;2;Neutre
très agréable à utiliser , et non gras;4;Positif
très désagréable à utiliser , et non gras;4;Négatif
veryyyyyyy good;5;Positif
veryyyyyyy bad;5;Négatif
good job !;4;Positif
bad job !;4;Négatif
duré d’utilisation : 3 mois w mal9iit 7atta résultats;1;Négatif
duré d’utilisation : three mois tungsten mal9iit 7atta résultats;1;Négatif
duré d’utilisation : three mois W mal9iit 7atta résultats;1;Négatif
duré d’utilisation : trey mois tungsten mal9iit 7atta résultats;1;Négatif
efficace contre les imperfections;5;Positif
good ingredient but not for very sensitive skin;2;Neutre
good ingredient merely not for very sensitive skin;2;Neutre
good component merely not for identical medium bark;2;Neutre
i’m gonna try it;3;Positif
great;4;Positif
en cours d’utilisation;5;Positif
qualité top je recommande;5;Positif
qualité nul je recommande;5;Négatif
la marque est top;3;Positif
la marque est nul;3;Négatif
excellent rapport qualité prix;5;Positif
horrible rapport qualité prix;5;Négatif
not bad;4;Positif
efficace surtout aprés l’épilation;4;Positif
this one is the best;5;Positif
i’ve been using this for 3 years;5;Positif
je recommande pour peau grasse;5;Positif
top très bonne hydratation;5;Positif
nul très bonne hydratation;5;Négatif
top,  hydrated very well;5;Positif
efficace hydrate bien la peau;5;Positif
efficace hydrate mal la peau;5;Négatif
parfait ;5;Positif
terrible;5;Négatif
génial;5;Positif
the smell is so good;4;Positif
the smell is so bad;4;Négatif
"يلزم تنزل عل tube
بالقوي
ختارتو خاتر فيه زبدة الشيا";3;Positif
trop cher pour rien;1;Négatif
trop cher decant rien;1;Négatif
je le recommande pas pour peau hyper sensible;1;Négatif
je lupus_erythematosus recommande public_address_system decant peau hyper reasonable;1;Négatif
je lupus_erythematosus recommande public_address_system decant peau hyper sensible;1;Négatif
yess;4;Positif
serum excellent;4;Positif
serum horrible;4;Négatif
rapport qualité prix;3;Positif
"les résultats sont clairs après une utilisation continue
un bon rapport qualité prix";4;Positif
les résultats sont clairs après une utilisation continue un mauvais rapport qualité prix;4;Négatif
bnna;4;Positif
avis mitigé , texture un peu bizarre;3;Positif
good quality. tunis mourouj 2;5;Positif
bad quality. tunis mourouj 2;5;Négatif
goood;4;Positif
"top
 doux sur la peau";3;Positif
nul doux sur la peau;3;Négatif
efficace pour la peau sèche;5;Positif
tres bien, ca marche pour peau grasse;4;Positif
wow j’adore;5;Positif
bad;1;Négatif
il n’est pas très efficace;2;Neutre
Illinois n’est public_address_system très efficace;2;Neutre
Illinois n’est protactinium très efficace;2;Neutre
trés bon rapport qualité prix;5;Positif
trés mauvais rapport qualité prix;5;Négatif
tzayet wejh barsha;2;Neutre
toaap;4;Positif
pas cher et efficace , c top;5;Positif
pas cher et efficace , c nul;5;Négatif
bon produit par rapport qualité prix;4;Positif
mauvais produit par rapport qualité prix;4;Négatif
a really good product;5;Positif
a really bad product;5;Négatif
cv ta7foun;3;Positif
tp;5;Positif
je le recommade;5;Positif
je le recommande,c’est mon gel préféré;4;Positif
ce produit est parfait pour les peaux acnéiques je l’ai essayé ma peau est devenue plus saine;5;Positif
ce produit est terrible pour les peaux acnéiques je l’ai essayé ma peau est devenue plus saine;5;Négatif
il est le meilleur;5;Positif
idéal pour les peaux acnéiques;4;Positif
je l’ai utilisé il est bien;5;Positif
je l’ai utilisé il est mal;5;Négatif
good quality. thanx;3;Positif
bad quality. thanx;3;Négatif
"good quality
rihtou bniina
ynathf w maychayahch l wejh";5;Positif
bad quality rihtou bniina ynathf w maychayahch l wejh;5;Négatif
wakteh yarjaa en stock?;5;Positif
good for double cleansing;4;Positif
bad for double cleansing;4;Négatif
très pratique pour lavage quotidien de visage;5;Positif
bon produit pas plus;4;Positif
mauvais produit pas plus;4;Négatif
coup coeur;5;Positif
la qualité et l’efficacité  dans un seul produit;4;Positif
suuupeeerr;4;Positif
un bon produit pour les acnés et les inperfections;5;Positif
un mauvais produit pour les acnés et les inperfections;5;Négatif
impeccable comme base de maquillage;5;Positif
c efficace;5;Positif
c’est le meilleur de toute la gamme;5;Positif
je recommande bientôt enchalah;5;Positif
ce top je valide;5;Positif
ce nul je valide;5;Négatif
superrrrr;4;Positif
j’aime ;4;Positif
want to try <3;5;Positif
efficacité;5;Positif
j’ai toujours été heureux;5;Positif
j’ai toujours été triste;5;Négatif
hydratation intense;5;Positif
i ll try it soon ;4;Positif
g;5;Positif
ideal pour peau normal;2;Neutre
++;3;Positif
gft-bak;5;Positif
une excellente marque;4;Positif
excellent produit local;4;Positif
horrible produit local;4;Négatif
.j.j.j.j.n;3;Positif
pas mal par rapport à son prix ‍;3;Positif
excellent pour une marque tunisienne;4;Positif
horrible pour une marque tunisienne;4;Négatif
the best one for oily skin;5;Positif
in one word, this product lift from vichy is just a skin champion;5;Positif
bravoo;4;Positif
il ne vaut pas son prix aucun effet sur les ridules;3;Positif
effet miracle;4;Positif
sérum tooop;4;Positif
jai bcp aimée;5;Positif
elle es top cette marque;4;Positif
elle es nul cette marque;4;Négatif
"j ai une peau extrêmement sèche et ce produit m’a vraiment trop aidé
a nourrir et hydrater ma peau, il sens bon et apporte un eclat remarquable au visage je le recommande vivement .";5;Positif
j ai une peau extrêmement sèche et ce produit m’a vraiment trop aidé a nourrir et hydrater ma peau, il sens mauvais et apporte un eclat remarquable au visage je le recommande vivement .;5;Négatif
"i really like it
might feel oily at first but then dries down and feels hydrating";5;Positif
sits very well under makeup;5;Positif
thesou oily melowl ama fisaa yochrbou l wejh;4;Positif
toute la gamme est moyenne;2;Neutre
toute lanthanum gamme Eastern_Time moyenne;2;Neutre
parfaite pour les peaux grasses, ne laisse pas un film gras;5;Positif
rapport qualité prix behi;5;Positif
le produit n’est pas vrt à l’attente de ses promesses. protège cobtre le soleil sans atténuer les tâches;3;Positif
"toujours en repture ?
excellent ";4;Positif
toujours en repture ? horrible;4;Négatif
parmi les meilleurs à essayer;5;Positif
bahi;4;Positif
wow mahleh;5;Positif
fait le job ;5;Positif
j’adore ;5;Positif
texturé coton top et la matière aussi;5;Positif
texturé coton nul et la matière aussi;5;Négatif
باهي  هايل;5;Positif
dima nichri;2;Neutre
le meilleur gommage pour la peau sensible en tunisie;5;Positif
résultats convaincants;5;Positif
pas d’effet encore;5;Positif
non bien;2;Neutre
not bien;2;Neutre
très satisfaite;5;Positif
merci bien;4;Positif
merci mal;4;Négatif
sublime;5;Positif
j’adoreeeee;5;Positif
jarabtou behi barcha;5;Positif
good quality.  super tooop;5;Positif
bad quality. affreux tooop;5;Négatif
ya3ti éclat ma7leh;4;Positif
donne un éclat au visage;5;Positif
bon pour les ceux avec des taches;5;Positif
mauvais pour les ceux avec des taches;5;Négatif
bon produit pour les peaux trés séches;4;Positif
mauvais produit pour les peaux trés séches;4;Négatif
parmi les meilleures crème hydratante pour la peau sensible , pas de rougeur ni brulure;4;Positif
effet moyen pas d’effet apaisant visible;3;Positif
le meilleur pour les peaux sèches et sensibles;5;Positif
ifata9;5;Positif
hydrate en profondeur magnifique;5;Positif
hydrate en profondeur affreux;5;Négatif
efficace l peau sensible;5;Positif
produit super;5;Positif
produit affreux;5;Négatif
the best !;4;Positif
j’adore !!;4;Positif
top cette marque;5;Positif
nul cette marque;5;Négatif
good for acne  skin;4;Positif
bad for acne skin;4;Négatif
ça donne une bonne mine et une bonne texture;5;Positif
produit impeccable;5;Positif
les femmes savent bien qui est le top;2;Neutre
lupus_erythematosus femmes savent bien qui Eastern_Time lupus_erythematosus acme;2;Neutre
lupus_erythematosus femmes savent bien qui Eastern_Time lupus_erythematosus top;2;Neutre
lupus_erythematosus femmes savent bien qui Eastern_Time lupus_erythematosus clear;2;Neutre
j’ai apprécié la texture.;4;Positif
agréable;5;Positif
désagréable;5;Négatif
niceeee;5;Positif
tnahi les taches?;3;Positif
yacer tayara w prix waw ;4;Positif
yacer sfer w prix waw;4;Négatif
pas tellement;2;Neutre
protactinium tellement;2;Neutre
public_address_system tellement;2;Neutre
topo;5;Positif
metwast;2;Neutre
très très bonne;5;Positif
belle huile qui sent très bien;5;Positif
belle huile qui sent très mal;5;Négatif
je prefere la version originale;4;Positif
marque tunisienne, une découverte  , je vais l’essayer inchallah;3;Positif
odeur trés particuliere, le pot se finit vite;3;Positif
mchee barcha maa wejhi;5;Positif
eficace;5;Positif
gentle;5;Positif
nouvelle découverte en cours d’essai;3;Positif
top mshe maaya aalekhr;5;Positif
nul mshe maaya aalekhr;5;Négatif
great quality.;5;Positif
souple 3al peaux yeser behi;4;Positif
efficace surtout en hiver;5;Positif
vraiment waw;5;Positif
good 3jbni brcha;4;Positif
bad 3jbni brcha;4;Négatif
produit haut de gamme !;5;Positif
hydratante non collante;4;Positif
texture veloutée , ne convient pas aux peaux à tendance acnéiques;3;Positif
superbe belhak;5;Positif
top !  leger et apaisant;5;Positif
nul ! leger et apaisant;5;Négatif
excellent quality.;5;Positif
horrible quality.;5;Négatif
encore dispo?;5;Positif
tres satisfaisant;5;Positif
j’aime beaucoup;5;Positif
super pour les rides;4;Positif
affreux pour les rides;4;Négatif
soin nuit lissant;3;Positif
good  ;5;Positif
bad;5;Négatif
trop bien;4;Positif
trop mal;4;Négatif
good et quantité généreuse;5;Positif
bad et quantité généreuse;5;Négatif
gutttt;4;Positif
meilleurs produit;5;Positif
ahsan wehd;5;Positif
un bon produit ama youfa fisa3;3;Positif
un mauvais produit ama youfa fisa3;3;Négatif
tres bon produit, ça hydrate super bien et ça protège la peau  , j’adore;5;Positif
tres mauvais produit, ça hydrate affreux mal et ça protège la peau , j’adore;5;Négatif
produit miraculeux contre les boutons, je recommande vivement;5;Positif
un peu cher mais pour utilisation minimale et continue on voit des résultats qui dure;3;Positif
bfhi barcha;5;Positif
heyl brsha;4;Positif
good ;5;Positif
je recommande fortement;5;Positif
heeeyl;5;Positif
vraiment incroyable je recommande;5;Positif
bon produit resultat vu a long terme;4;Positif
mauvais produit resultat vu a long terme;4;Négatif
produit efficace contre les tâches brunes;4;Positif
من أحسن المنتجات الموجودة في تونس ضد البقع الداكنة في الوجه;4;Positif
recommandé par mon médecin esthétique pour éliminer les tâches (peau mixte );3;Positif
merci;3;Positif
douce;4;Positif
je l’adore ;5;Positif
vraiment tayara;5;Positif
vraiment sfer;5;Négatif
yo9tel;5;Positif
tayara lhak fatah lwejh bel behy f wakt ksir;5;Positif
sfer lhak fatah lwejh bel behy f wakt ksir;5;Négatif
top llpeau grasse;5;Positif
nul llpeau grasse;5;Négatif
j’aimme trop;4;Positif
nettoie bien;5;Positif
nettoie mal;5;Négatif
<3 <3 i love;5;Positif
très efficace contre les taches brunes;5;Positif
effet hydratant,mais l effet booster non ressenti après 3 mois d utilisation;2;Neutre
effet hydratant,mais L effet booster not ressenti après three mois five_hundred use;2;Neutre
effet hydratant,mais lambert effet booster not ressenti après three mois five_hundred use;2;Neutre
effet hydratant,mais Lambert effet booster not ressenti après three mois five_hundred function;2;Neutre
excellent produit. je le recommande vivement.;5;Positif
horrible produit. je le recommande vivement.;5;Négatif
good quality. mjareb;5;Positif
bad quality. mjareb;5;Négatif
good quality ‍;5;Positif
bad quality ‍;5;Négatif
manifique;5;Positif
100%;5;Positif
je recommande le meilleure;5;Positif
ne colle pas, excellent;4;Positif
ne colle pas, horrible;4;Négatif
hydrate les lèvres;5;Positif
je le recommande en plus il sent très bon;5;Positif
je le recommande en plus il sent très mauvais;5;Négatif
ta7founa ..temchi yaser m3a l peau seche seche;5;Positif
bon produit toop;5;Positif
mauvais produit toop;5;Négatif
ce produit nettoie la peau mais j’aime pas le fait qu’il n’est pas moussant donc a chaque fois j’éprouve le besoin d’ajouter plus de produit;3;Positif
j’adore bien;4;Positif
j’adore mal;4;Négatif
efficace nettoyage et hydrate bien;4;Positif
efficace nettoyage et hydrate mal;4;Négatif
3tahouli mon dermato et c top à recommander;2;Neutre
3tahouli Monday dermato et speed_of_light top à recommander;2;Neutre
3tahouli Monday dermato et C crown à recommander;2;Neutre
good product, i recommend;5;Positif
bad product, i déconseille;5;Négatif
toooop ;4;Positif
très bien ;4;Positif
très mal;4;Négatif
coup de cœur;4;Positif
mon fav;4;Positif
hydratant et apaisant , bon pour peau sensible;3;Positif
hydratant et apaisant , mauvais pour peau sensible;3;Négatif
dispo;4;Positif
je trouve pas leur utilité !;1;Négatif
je trouve protactinium leur utilité !;1;Négatif
je trouve Pennsylvania leur utilité !;1;Négatif
effet rafraîchissant;1;Négatif
je commande;4;Positif
je l’adore;5;Positif
+++;4;Positif
bon qualite je recommande;5;Positif
mauvais qualite je recommande;5;Négatif
ça donne un éclat oui, pour ma peau grasse ne nettoie pas en profondeur;2;Neutre
ça Donne United_Nations éclat oui, pour milliampere peau grasse neon nettoie pascal en profondeur;2;Neutre
incr ! pour une peau mixte à grasse;5;Positif
brhi;5;Positif
thabel;5;Positif
tanjah;4;Positif
la liste d’ingrédient semble très riche! j’aime;4;Positif
produit a conseiller;4;Positif
correcte;3;Positif
comment l’utiliser?;5;Positif
bon produit. j’aime bien car ne pique pas les yeux . pour un usage quotidien , il faut faire attention à la pointe qui peut s’assécher rapidement et donc bye bye à l’application précise;4;Positif
mauvais produit. j’aime mal car ne pique pas les yeux . pour un usage quotidien , il faut faire attention à la pointe qui peut s’assécher rapidement et donc bye bye à l’application précise;4;Négatif
demaquille bien;4;Positif
demaquille mal;4;Négatif
best gel nettoyant;4;Positif
pas top pour la peau grasse;2;Neutre
dad crown decant Louisiana peau grasse;2;Neutre
dad top decant la peau grasse;2;Neutre
je recommande pour peau sensible, mixte;3;Positif
bech nkhthou shakrouh barcha;4;Positif
good ingredients;3;Positif
bad ingredients;3;Négatif
très hydratant. rajeunissement des mains;5;Positif
jaiimmmee;4;Positif
pour ma fille atteinte d’eczema , cela lui evite de se gratter. bonne hydratation .;3;Positif
extrême couvrance. ne bouge pas. ne donne pas de boutons. dure un an +++ vaut son prix. choix de teintes trop limités.;4;Positif
good and heavy cream, i’m using it as a make up base (base de makillage);3;Positif
bad and heavy cream, i’m using it as a make up base (base de makillage);3;Négatif
résultat mawjoud;5;Positif
bonne pommade;3;Positif
sa marche ;4;Positif
ri7a fraiche thabel;5;Positif
good marque;5;Positif
bad marque;5;Négatif
ma lkitsh resultat maaha lhkika;3;Positif
idée cadeau pour les mamans très originale;5;Positif
ce vernis a transformé mes ongles. ils sont beaucoup plus forts et ne se cassent plus. de plus, il est parfait pour ma peau sensible.;5;Positif
ce vernis a transformé mes ongles. ils sont beaucoup plus forts et ne se cassent plus. de plus, il est terrible pour ma peau sensible.;5;Négatif
bon apaisant;4;Positif
mauvais apaisant;4;Négatif
ich mag  ;3;Positif
top déjà nista3mil fih ;5;Positif
nul déjà nista3mil fih;5;Négatif
un bon produit;5;Positif
un mauvais produit;5;Négatif
parfait , effet bonne mine;5;Positif
terrible , effet bonne mine;5;Négatif
mch khayeb ama mch behi lel abed eli andha acne;4;Positif
marque uriage ;3;Positif
top pour les peaux sensibles;5;Positif
nul pour les peaux sensibles;5;Négatif
top pour moi ;5;Positif
nul pour moi;5;Négatif
excellent mais un peu cher;3;Positif
horrible mais un peu cher;3;Négatif
super pour les peaux avec tâches brunes;4;Positif
affreux pour les peaux avec tâches brunes;4;Négatif
résultats approuvés, je le recommande;5;Positif
voilà le bon produit;5;Positif
voilà le mauvais produit;5;Négatif
ta7fou;5;Positif
avène ;5;Positif
yhabl;3;Positif
جيد جدآ;5;Positif
ce produit est top .je ne change pas l’eau micellaire bioderma pour peau sensible;5;Positif
ce produit est nul .je ne change pas l’eau micellaire bioderma pour peau sensible;5;Négatif
très bon produit.;4;Positif
très mauvais produit.;4;Négatif
tres bon rapport qualité prix qualité ! j l aime bien <3;4;Positif
tres mauvais rapport qualité prix qualité ! j l déteste mal <3;4;Négatif
un bon nettoyant;3;Positif
un mauvais nettoyant;3;Négatif
top top toppp;5;Positif
nul nul toppp;5;Négatif
j’espère;4;Positif
je recommande ;5;Positif
bon normale;2;Neutre
top du top tres doux et hydratant;5;Positif
nul du nul tres doux et hydratant;5;Négatif
idéale pour les peaux mixtes à grasses;4;Positif
mat;2;Neutre
entangle;2;Neutre
je le recommande !;5;Positif
qualité produit tayara;4;Positif
qualité produit sfer;4;Négatif
j adore;5;Positif
bech najrbha;3;Positif
great one;5;Positif
ifarhad;5;Positif
je recommande alekher ;5;Positif
the besstt for meee;4;Positif
meilleur anti cerne;5;Positif
parfaite pour peaux sèches à très sèches;5;Positif
behya barcha;4;Positif
top bon produit;5;Positif
nul mauvais produit;5;Négatif
produit doux;3;Positif
je recommande pour peau hyper sensible;4;Positif
j’aime beaucoup l’originalité du produit;5;Positif
je le recommende;4;Positif
ri7tou bnina w ynadhef w ya3ti éclat ama lezem ba3dou crème hydratante pour les peaux sèches;4;Positif
 nice;4;Positif
toop toop;5;Positif
jarabtou et ta7foun;3;Positif
trés nourissant , la peau est trés douce aprés;4;Positif
pas de resultat;2;Neutre
dad Delaware resultat;2;Neutre
pascal Delaware resultat;2;Neutre
efficace contre les taches brunes;3;Positif
j v confirmer;5;Positif
le plus efficace;5;Positif
ce produit me donne un effet glowy tres beau apres l’application !!! et a long terme j ai remarqué la disparition des taches brunes;4;Positif
ce n’est pas miraculeux;3;Positif
j’ai bien aimé;5;Positif
j’ai mal aimé;5;Négatif
je recommande produit authentique;5;Positif
just wow;4;Positif
cette huile est incroyable!! son odeur est tellement bonne je pense a la boire parfois ahahaha et surtout que l’odeur se colle dans les vêtements et sur la peau aussi pour une tres longue durée;5;Positif
"bes oil for body !!
mon coup de cœur ";5;Positif
mon meilleur produit top top effet bonne mine;5;Positif
mon meilleur produit nul nul effet bonne mine;5;Négatif
il est top ;5;Positif
l’effet se voit du premier mois, mais il faut continuer l’utilisation;5;Positif
j’ai pas trop aimé;2;Neutre
j’ai public_address_system trop aimé;2;Neutre
j’ai protactinium trop aimé;2;Neutre
magnifique je recommande vivement;5;Positif
affreux je recommande vivement;5;Négatif
.;3;Positif
un excellent produit  ;5;Positif
un horrible produit;5;Négatif
top topp;5;Positif
nul topp;5;Négatif
bonne hydratation;4;Positif
gd;4;Positif
pas mal ama youfa fisa3;3;Positif
ça sent bon , ça donne un coup d’éclat et ça maintient bien l’hydratation du visage ! parfait;5;Positif
ça sent mauvais , ça donne un coup d’éclat et ça maintient mal l’hydratation du visage ! terrible;5;Négatif
excellent;5;Positif
exelent;5;Positif
produit interessant;5;Positif
bon produit, bon rapport qualité prix, je le recommande;5;Positif
mauvais produit, mauvais rapport qualité prix, je le recommande;5;Négatif
"super hydratant
behi leli andhom psoriasis";5;Positif
affreux hydratant behi leli andhom psoriasis;5;Négatif
"j’ai acheté toute la gamme fiderma clarifid; gel nettoyant, creme du jour et serum. vraiment top du top.mes taches commencent a disparaitre. et comme on disait الدوام ينقب الرخام";5;Positif
"j’ai acheté toute la gamme fiderma clarifid; gel nettoyant, creme du jour et serum. vraiment nul du top.mes taches commencent a disparaitre. et comme on disait الدوام ينقب الرخام";5;Négatif
la solution micellaire ideale;5;Positif
ce baume à lèvres est super hydratant;5;Positif
ce baume à lèvres est affreux hydratant;5;Négatif
je le recommande !! un produit du top !;5;Positif
je le recommande !! un produit du nul !;5;Négatif
très doux ça marche très bien avec les peaux sensibles;5;Positif
très doux ça marche très mal avec les peaux sensibles;5;Négatif
mousse agréable à utiliser , j’ai une peau assez sensible et ça ne m’a pas du tout irrité ;5;Positif
mousse désagréable à utiliser , j’ai une peau assez sensible et ça ne m’a pas du tout irrité;5;Négatif
trop beau pour les peaux grâce;4;Positif
i like it !;5;Positif
très bon pour peaux grasses;4;Positif
très mauvais pour peaux grasses;4;Négatif
efficace et résultat rapide;5;Positif
pourtant que j ai la peau seche, j ai trouvé que ce produit est respectueusement hydratant et sa sens tres bon en plus!!!;4;Positif
pourtant que j ai la peau seche, j ai trouvé que ce produit est respectueusement hydratant et sa sens tres mauvais en plus!!!;4;Négatif
hydrate bien;5;Positif
excellent pour les peaux sensibles;4;Positif
horrible pour les peaux sensibles;4;Négatif
je recommande pour peau sensible , mixte;4;Positif
behy;3;Positif
bhy;5;Positif
texture légère hydrate bien sans laisser de film;4;Positif
texture légère hydrate mal sans laisser de film;4;Négatif
…..j….;5;Positif
yhaballllllll;5;Positif
superbe;5;Positif
aadi;4;Positif
bonne qualité ;3;Positif
douce pour la peau;4;Positif
parfait il respecte la peau n’assèche pas et n’agresse pas la peau en la nettoyant;5;Positif
terrible il respecte la peau n’assèche pas et n’agresse pas la peau en la nettoyant;5;Négatif
bonne découverte;4;Positif
un bon produit. l’odeur est agréable sans excès;5;Positif
un mauvais produit. l’odeur est désagréable sans excès;5;Négatif
c’est vraiment parfait;4;Positif
c’est vraiment terrible;4;Négatif
akeka wbara ma ameli chy;3;Positif
toooooop;5;Positif
jaime bien;3;Positif
jaime mal;3;Négatif
رائع;5;Positif
excellent résultat;5;Positif
horrible résultat;5;Négatif
good result;4;Positif
bad result;4;Négatif
it an excellent résultat;5;Positif
it an horrible résultat;5;Négatif
great product;4;Positif
ممتاز;5;Positif
authentique;5;Positif
il est bon;3;Positif
il est mauvais;3;Négatif
la crème éclaircissante beesline est une excellente option pour ceux qui cherchent à améliorer l’uniformité et la luminosité de leur teint. avec une utilisation régulière, elle offre des résultats visibles et durables, tout en prenant soin de la peau.;5;Positif
excellent produit  pour peau sensible;4;Positif
horrible produit pour peau sensible;4;Négatif
je recommande cette marque;5;Positif
nouvelle découverte;3;Positif
rapport qualité prix 0;2;Neutre
rapport qualité prix zero;2;Neutre
top qualite;5;Positif
nul qualite;5;Négatif
raw3aaaaa;5;Positif
très efficace ;5;Positif
couvrant;4;Positif
so sweet;4;Positif
hlow;5;Positif
formidable;5;Positif
okkk;4;Positif
efficace pour sensible;5;Positif
super effet immediat presque;5;Positif
affreux effet immediat presque;5;Négatif
sympa;4;Positif
ihabal;4;Positif
top pour peaux sensibles;4;Positif
nul pour peaux sensibles;4;Négatif
ca marche;3;Positif
j’adore texture douce pour peaux sensibles;5;Positif
excellent nettoyant pour peau sensible;5;Positif
horrible nettoyant pour peau sensible;5;Négatif
parfait pour les peaux irritées;5;Positif
terrible pour les peaux irritées;5;Négatif
excellent pour hydrater et dimine les vergitures;4;Positif
horrible pour hydrater et dimine les vergitures;4;Négatif
un coffret prodigieux et indispensable ;5;Positif
jaime bq;5;Positif
un coffret prodigieux;4;Positif
rapport quallité prix;4;Positif
trs satisfait;5;Positif
trs insatisfait;5;Négatif
magnifique pour un premier nettoyage!!;5;Positif
affreux pour un premier nettoyage!!;5;Négatif
les produits filorga est top;5;Positif
les produits filorga est nul;5;Négatif
cool;4;Positif
je l’ai trouvé efficace pour un prurigo, je le recommande;5;Positif
e3ti éclat mzyena lil wjeh;4;Positif
"jarbto lhkika ma tbdel chay
yomken lezem nestamel akther";3;Positif
bon rapport qualité / prix;4;Positif
mauvais rapport qualité / prix;4;Négatif
j’aime bien ce produit;5;Positif
j’aime mal ce produit;5;Négatif
goof;4;Positif
nettoye bien la peau;3;Positif
nettoye mal la peau;3;Négatif
a essayer;4;Positif
smell good;5;Positif
smell bad;5;Négatif
a utiliser;5;Positif
amazing je recommender;4;Positif
good pour peau sensible;5;Positif
bad pour peau sensible;5;Négatif
trs satisfait merci;5;Positif
trs insatisfait merci;5;Négatif
hydratante et non gras;4;Positif
excellent ;3;Positif
horrible;3;Négatif
rapport qualité prix ;4;Positif
cette base est un must-have dans ma routine beauté. ma peau est hydratée et mes ongles sont protégés. je l’adore;5;Positif
t;3;Positif
mahleeh;5;Positif
pas très hydratant.;3;Positif
efficace pour peau seche, je recommande;5;Positif
gamme top;5;Positif
gamme nul;5;Négatif
nettoye bien;3;Positif
nettoye mal;3;Négatif
très satisfait;5;Positif
très insatisfait;5;Négatif
good prices;5;Positif
bad prices;5;Négatif
douce , à recommander;3;Positif
nul akhyeb creme hydratante jarabtha;1;Négatif
bon qualité;5;Positif
mauvais qualité;5;Négatif
"good quality
authentic";4;Positif
bad quality authentic;4;Négatif
meilleur prix;5;Positif
ce produit est indispensable ;5;Positif
mn a7sen les gels nettoyant il es doux 3al peau;5;Positif
douce w tnadhaf blgde ama mna9setlich acne;4;Positif
impressionné par ce gel il nettoie sans assécher ma peau;5;Positif
excellent pour peau acnéique;4;Positif
horrible pour peau acnéique;4;Négatif
il est magnifique le produit!;5;Positif
il est affreux le produit!;5;Négatif
3jbni nhli lhboub;4;Positif
nettoyage de peau profonde;4;Positif
meilleure gel nettoyant;5;Positif
اللي عندو الحب في وجهو حاجة روعة;5;Positif
très efficace pour les peaux mixtes;5;Positif
efficace pour les peaux grasses;5;Positif
parmis les meilleurs gel nettoyant;4;Positif
il est parfait ;5;Positif
il est terrible;5;Négatif
parfait !;5;Positif
terrible !;5;Négatif
ce gel a une bonne texture.;4;Positif
efficace pour les imperfections;5;Positif
bon produit ! convient aux peaux grasses, acneique, sensible;5;Positif
mauvais produit ! convient aux peaux grasses, acneique, sensible;5;Négatif
excellent pour peau à tendance acnéique;5;Positif
horrible pour peau à tendance acnéique;5;Négatif
en promotion rien que pour vous !;5;Positif
top pou une peau parfaite;4;Positif
nul pou une peau parfaite;4;Négatif
jadore;5;Positif
big flop cette produit aucun effet par des autres marques moins chers;1;Négatif
big fall_through cette produit aucun effet equality diethylstilbesterol autres trade_name moins chers;1;Négatif
boastfully flop cette produit aucun effet par diethylstilbestrol autres trade_name moins chers;1;Négatif
boastfully right cette produit aucun effet equality diethylstilbestrol autres trade_name moins chers;1;Négatif
produit top .. j’adore;5;Positif
produit nul .. j’adore;5;Négatif
testé et approuvé ;5;Positif
toop top;4;Positif
toop nul;4;Négatif
un tres bon produit;5;Positif
un tres mauvais produit;5;Négatif
trs bon qualite;5;Positif
trs mauvais qualite;5;Négatif
trop collant mais bien hydratant;4;Positif
trop collant mais mal hydratant;4;Négatif
tres hydratant;5;Positif
satisfait;5;Positif
insatisfait;5;Négatif
has a lipgloss like finish while bieng super hydrating;5;Positif
has a lipgloss like finish while bieng affreux hydrating;5;Négatif
tres bon produit;5;Positif
tres mauvais produit;5;Négatif
magnifique !;5;Positif
affreux !;5;Négatif
excellent produit il répare rapidement les lèvres;5;Positif
horrible produit il répare rapidement les lèvres;5;Négatif
efficace ;5;Positif
toppp très efficace;5;Positif
hydrate en profondeur;4;Positif
to0;5;Positif
une hydratation extraordinaire;5;Positif
hydratante et binifique;5;Positif
répare rapidement mes lèvres;5;Positif
top de top the best ever;5;Positif
nul de nul the best ever;5;Négatif
les produits sont efficaces;5;Positif
très hydraté ;5;Positif
le plus efficace sur le marché;5;Positif
tres efficace  je recommande !;5;Positif
hydratant et efficace;5;Positif
hydratant mais désagréable effet;2;Neutre
meh;2;Neutre
behi 3lkhr;5;Positif
impeccable;5;Positif
behy 3alekher ll les imperfections;5;Positif
tooopp;4;Positif
ye3jebni;4;Positif
machalla;5;Positif
suuperr;4;Positif
mahleh i recommenend;5;Positif
روعة;5;Positif
meilleure produit;5;Positif
bon oroduit nettiyant en douceur mais il n’est pas teop adapté en été à mon avis pour les peaux mixtes qui regraissent vite.;4;Positif
mauvais oroduit nettiyant en douceur mais il n’est pas teop adapté en été à mon avis pour les peaux mixtes qui regraissent vite.;4;Négatif
trs satisfait;4;Positif
trs insatisfait;4;Négatif
bon produit pour peau seche;4;Positif
mauvais produit pour peau seche;4;Négatif
produit efficace pour peau nrml a seche;4;Positif
good quality!;4;Positif
bad quality!;4;Négatif
un produit qui répond à mes attentes;5;Positif
un bon produit très efficace mais à éviter pour une peau hypersensible;4;Positif
un mauvais produit très efficace mais à éviter pour une peau hypersensible;4;Négatif
fort;4;Positif
trop efficace;5;Positif
tellement miraculeux ;5;Positif
je ne peux plus m’en passer merci pour ce produit;5;Positif
one of the best vitamin c;5;Positif
produit top , j’adore;5;Positif
produit nul , j’adore;5;Négatif
très bon nettoyant, dommage qu’il soit en rupture;5;Positif
très mauvais nettoyant, dommage qu’il soit en rupture;5;Négatif
mche maaya;4;Positif
très efficaces;5;Positif
c’est super;4;Positif
c’est affreux;4;Négatif
tres doux;5;Positif
bienn;3;Positif
mch khayb yaaml éclat fil wejah;3;Positif
la meilleur;3;Positif
ça marche, light weight w yaati éclat;4;Positif
vraiment j’adore;5;Positif
metwasset;3;Positif
"طياااره مقارنة بالسوم ،ينظف بالباهي.
أما باعد تنظيف يشيح البشرة شوي donc لازم تستعمل بعدو crème hydratante.";5;Positif
doux sur la peau et efficace au mêmr temps. sent agréablement bien.;5;Positif
je recommande très bénéfique pour peau grasse;5;Positif
efficace et doux sur la peau;4;Positif
behy fait le job;4;Positif
ma peau est claire w t7isha fraiche, produit 7abitou barcha;5;Positif
j ai testé ce produit pendant 3 mois je crois et on remarque un coup d éclat immédiat dès le premier usage . un autre truc c’est qu’il est tres moussant une petite noisette est extrêmement suffisante pour nettoyer le visage en profondeur;4;Positif
top l 7a9;5;Positif
nul l 7a9;5;Négatif
pas vraiment;1;Négatif
dad vraiment;1;Négatif
pas suffisant seul;3;Positif
yacer tayara ;5;Positif
yacer sfer;5;Négatif
exfoliation douce et efficace;4;Positif
tip top;5;Positif
tip nul;5;Négatif
behi ta7foun;3;Positif
hydratation garantie !;5;Positif
ça hydrate hyper bien mais l’odeur est un peu désagréable;5;Positif
ça hydrate hyper mal mais l’odeur est un peu désagréable;5;Négatif
hydratation ne dure pas longtemps,  5/10;2;Neutre
hydratation Nebraska dure Pennsylvania longtemps, 5/10;2;Neutre
hydratation northeast dure public_address_system longtemps, 5/10;2;Neutre
hydratation northeastern dure public_address_system longtemps, 5/10;2;Neutre
مشكوورة برشااا .صحباتي يخذوا من عندكم وأنا نحب نجرب;5;Positif
good love it;5;Positif
bad love it;5;Négatif
nooonn pour moi eucerin ahssen haja;5;Positif
wanna buy it again;4;Positif
au top;5;Positif
au nul;5;Négatif
"c’est un produit très efficace
il a changé ma peau carrément";5;Positif
mon préféré il m’a sauvé la vie youfaa minna n3awed nechrih il est juste top;5;Positif
mon préféré il m’a sauvé la vie youfaa minna n3awed nechrih il est juste nul;5;Négatif
trés efficace contre les boutons et la sécretion du sébum! top;5;Positif
trés efficace contre les boutons et la sécretion du sébum! nul;5;Négatif
efficace bien;4;Positif
efficace mal;4;Négatif
excellent !;5;Positif
horrible !;5;Négatif
excellent pour peaux grasse !;5;Positif
horrible pour peaux grasse !;5;Négatif
recommandée par ma dermatologue;4;Positif
exellente !conseillée par mon dermatologue;5;Positif
idéal pour les peaux sujettes à l’acné;5;Positif
the best for acne prone skin;5;Positif
tayara ;5;Positif
je le kiffe !;5;Positif
very good product ;5;Positif
very bad product;5;Négatif
je vais l essayer, parmis les meilleurs;4;Positif
wa9tach tjiboh;4;Positif
supet;5;Positif
 cicatrisation rapide prouvé, je l’utilise et je suis satisfaite;5;Positif
j’ai beaucoup aimé la formule de ce produit (légère sur la peau);5;Positif
j’hésite entre lui et cicalfate;4;Positif
a tester;4;Positif
bravo;4;Positif
efficace pour les peaux à tendance acnéique;3;Positif
efficace dans quelques semaines;4;Positif
good price and quantity and quantity;5;Positif
bad price and quantity and quantity;5;Négatif
ynadhf l wejah ma4ir maychay7ou tahfoun;4;Positif
ynadhef ama ytala3 bcp de boutons;2;Neutre
ynadhef ama ytala3 bcp Delaware boutons;2;Neutre
efficace pour les peaux  à imperfections;4;Positif
super !!;4;Positif
affreux !!;4;Négatif
top !!!;5;Positif
nul !!!;5;Négatif
"top
mezel en rupture ?";4;Positif
nul mezel en rupture ?;4;Négatif
top wakteh tjibouh plz;5;Positif
nul wakteh tjibouh plz;5;Négatif
mahlehaaa pour tous types de peaux;5;Positif
je recommande cette crème à ceux qui recherchent une hydratation efficace et une peau douce.;5;Positif
meilleur serum pour les tâches brunes;5;Positif
maritch 7ata ntija;2;Neutre
"malgré son prix, 3jebni j’ai constaté un coup d’éclat
à recommander franchement il n’est pas mal";3;Positif
efficace pour les taches brunes;4;Positif
beau produit;5;Positif
marche tres bien;3;Positif
marche tres mal;3;Négatif
yna7i l’acne ta7foun;4;Positif
très efficace surtout ba3d épilation;5;Positif
rapport qualité prix acceptable;4;Positif
rapport qualité prix inacceptable;4;Négatif
j’ai pas trop aimé, je rentre comme un panda surtout avec la chaleur alors que normalement c waterproof;2;Neutre
j’ai protactinium trop aimé, je rentre comme United_Nations lesser_panda surtout avec Louisiana chaleur alors que normalement coke waterproof;2;Neutre
j’ai protactinium trop aimé, je rentre comme United_Nations giant_panda surtout avec la chaleur alors que normalement coke waterproof;2;Neutre
j’ai protactinium trop aimé, je rentre comme United_Nations giant_panda surtout avec Louisiana chaleur alors que normalement coke waterproof;2;Neutre
pour les traces de boutons ce stylo est perfect;5;Positif
le meilleur pour la peau grasse;5;Positif
top ynadhef sans agressé la peau;5;Positif
nul ynadhef sans agressé la peau;5;Négatif
ca va;5;Positif
très hydratante;5;Positif
trs satisfait  merci;4;Positif
trs insatisfait merci;4;Négatif
honnêtement, femma makhir min’ha;2;Neutre
très cool  et hydratant , excellent après le nettoyage;5;Positif
très cool et hydratant , horrible après le nettoyage;5;Négatif
refreshing;3;Positif
roséliane est l’une des meilleures crèmes pour les personnes souffrant de rosacée.;5;Positif
c´est vraiment magnifique;2;Neutre
wa9tek yarja3 en stock?;4;Positif
malheureusement en rupture;5;Positif
qui a utilisé ce produit peut me donner son avis ??;1;Négatif
qui A utilisé CE produit peut Maine donner son avis ??;1;Négatif
qui adenine utilisé CE produit peut Maine donner son avis ??;1;Négatif
qui adenine utilisé cerium produit peut Maine donner son avis ??;1;Négatif
curly hair friendly;5;Positif
genial;5;Positif
créme retinol ta7founa;4;Positif
mon creme solaire préférées;5;Positif
ma7leh;5;Positif
tayyara;4;Positif
sensation de douceur garantie, convient parfaitement à ma peau sensible;5;Positif
ça donne la sensation de fraicheur surtt en été;5;Positif
très  rafraîchissant;5;Positif
peu hydratant;1;Négatif
mn a7sen les crèmes hydratante eli sta3mlthm pour peau mixte à grasse;5;Positif
very nice;4;Positif
top mais toujours en rupture;4;Positif
nul mais toujours en rupture;4;Négatif
c eclaircissant et glowy;4;Positif
je recommande top top tooop;5;Positif
je recommande nul nul tooop;5;Négatif
top wakteh tjibouh plz, 40ml chwaya;4;Positif
nul wakteh tjibouh plz, 40ml chwaya;4;Négatif
a life saver;5;Positif
top produit  meilleur qualité;5;Positif
nul produit meilleur qualité;5;Négatif
efficace 3al li5ir;4;Positif
qualité top et très efficace;5;Positif
qualité nul et très efficace;5;Négatif
reparatrice ama thessou kel boumadha ala cheftek;4;Positif
super efficace;5;Positif
affreux efficace;5;Négatif
très efficace pour l’irritation et les rougeurs;5;Positif
nul;1;Négatif
hydration +++ avec une de odeur de miel agreable;4;Positif
un des meilleurs baumes a lèvres que j ai jamais testé il repare les lèvres gercées du premier usage;5;Positif
le meilleur remède pour les gerçures dommage qu’il est tjr en rupture de stock;5;Positif
khsayer flous;1;Négatif
top pour la peau sèche. il m’a été recommandé par mon dermatologue.;4;Positif
nul pour la peau sèche. il m’a été recommandé par mon dermatologue.;4;Négatif
"effet bonne mine immédiat, régule la sécrétion de sébum
il faut juste appliquer une crème hydratante après";4;Positif
haja ;4;Positif
supper;4;Positif
j’adooree;5;Positif
vraiment ce produit est une découverte le mousse nettoyante donne une très bonne mine et éclat instantané mais avec le vit c  c waaaw surtt que le sérum et hautement concentré, le seul a marché qui contient 25% du vit  c . je le recommande;5;Positif
perfect combination ;5;Positif
best vit c ;4;Positif
good for shaving;4;Positif
bad for shaving;4;Négatif
heyl;5;Positif
excellent produit ;3;Positif
horrible produit;3;Négatif
"une bonne découverte et recommandation
excellent";3;Positif
une bonne découverte et recommandation horrible;3;Négatif
tres efficace pour les traces;5;Positif
très efficace surtout pour l’acne;5;Positif
très bonne creme;5;Positif
i have been using it for years cleans the skin so well without leaving it dry;5;Positif
i like it so much jrbtou toop;4;Positif
top pour la peau mixte à grace avec une texture légère (mychaya7ech elwejeh);5;Positif
nul pour la peau mixte à grace avec une texture légère (mychaya7ech elwejeh);5;Négatif
top pour beau acnéique;4;Positif
nul pour beau acnéique;4;Négatif
intéressant;5;Positif
éclat mahleh baad masque;4;Positif
a vos panier;5;Positif
preferably to be used in summer for freshness. smells really good;3;Positif
preferably to be used in summer for freshness. smells really bad;3;Négatif
good quality.  jaime bien cette produit;5;Positif
bad quality. jaime mal cette produit;5;Négatif
j’ai ce produit pour sa capacité de réduire parfaitement ‘es cernes;5;Positif
j’aime ce produit pour sa capacité de réduire parfaitement ‘es cernes;5;Positif
produit de très bonne qualité;5;Positif
tres raffraichissante ;4;Positif
un bon produit pas plus, on peut trouver la meme efficacité dans des gammes moins cheres;2;Neutre
United_Nations bon produit public_address_system plus, on peut trouver Louisiana meme efficacité dans diethylstilbestrol gammes moins cheres;2;Neutre
United_Nations bon produit pas plus, on peut trouver Louisiana meme efficacité dans diethylstilbestrol gammes moins cheres;2;Neutre
United_Nations bon produit pascal plus, along peut trouver Louisiana meme efficacité dans diethylstilbestrol gammes moins cheres;2;Neutre
c top ;5;Positif
c nul;5;Négatif
effet bonne mine;4;Positif
ce sérum est le meilleur;5;Positif
la meilleure creme;5;Positif
meilleure parapharmacie;5;Positif
meilleure parapharmacie en tunisie;5;Positif
merci bcp;5;Positif
bravo bravo;5;Positif
bravo et merci;4;Positif
bravo et merci bcp;5;Positif
bravo et mille merci a vous;5;Positif
bonne continuation;5;Positif
merci et bonne continuation;5;Positif
merci et bravo;5;Positif
bonne continuation  et merci à vous;5;Positif
bravo bravo bravo;5;Positif
merci merci merci;5;Positif
good good;5;Positif
bad bad;5;Négatif
odeur très bonne, la peau reste hydrater, tant de bons points qui me laisse le recommander;5;Positif
sema7;4;Positif
sent bon;3;Positif
sent mauvais;3;Négatif
efficace rapidement sur les ridules toop;4;Positif
meme la quantité s8ira mais cv eched wel resultat behia;5;Positif
peaux hypersensible;5;Positif
pas mal , à recommander;3;Positif
rupture;1;Négatif
tear;1;Négatif
super duper;5;Positif
affreux duper;5;Négatif
prix raisonnable;5;Positif
il donne une belle couleur, mais l’hydratation ne dépasse pas une heure. ceux qui contiennent du colorant provoquent un dessèchement des lèvres après des heures de l’utilisation.;1;Négatif
forty-nine Donne une belle couleur, mais l’hydratation Nebraska dépasse public_address_system une heure. ceux qui contiennent du colorant provoquent United_Nations dessèchement Delaware lèvres après Delaware heures Delaware l’utilisation.;1;Négatif
forty-nine Donne une belle couleur, mais l’hydratation Nebraska dépasse Pennsylvania une heure. ceux qui contiennent du colorant provoquent United_Nations dessèchement diethylstilbestrol lèvres après diethylstilbesterol heures Delaware l’utilisation.;1;Négatif
forty-nine Donne une belle couleur, mais l’hydratation Nebraska dépasse University_of_Pennsylvania une heure. ceux qui contiennent du colorant provoquent United_Nations dessèchement diethylstilbestrol lèvres après diethylstilbesterol heures Delaware l’utilisation.;1;Négatif
may3melech hydratation jemla;1;Négatif
un mini lift avec petit prix;5;Positif
tahfouna;2;Neutre
refreshing, but a little bit expensive, i recommend in general.;2;Neutre
refreshing, merely deoxyadenosine_monophosphate little piece expensive, I commend inch general.;2;Neutre
refreshing, merely A little moment expensive, one recommend in general.;2;Neutre
refreshing, merely vitamin_A little moment expensive, one recommend in general.;2;Neutre
ينحي الحبة حتى لتحت الجلد روعة;5;Positif
parmi les meilleurs produits que j’ai utilisé;5;Positif
excellent ;4;Positif
tayara ama fissa3 youfa;3;Positif
sfer ama fissa3 youfa;3;Négatif
hydratant et leger;4;Positif
tayaraaaaa;5;Positif
glossy;5;Positif
à recommander pour les peaux à imperfections, j’aime ce produit;4;Positif
like;4;Positif
flop;3;Positif
moyenne;3;Positif
favorite cream;5;Positif
"ma mchech m3aya jemla
ki na3mlou wejhi ychi7 w ywalli ya7ra9";1;Négatif
ma mchech m3aya jemla qi na3mlou wejhi ychi7 W ywalli ya7ra9;1;Négatif
milliampere mchech m3aya jemla Ki na3mlou wejhi ychi7 W ywalli ya7ra9;1;Négatif
milliampere mchech m3aya jemla qi na3mlou wejhi ychi7 watt ywalli ya7ra9;1;Négatif
greattt;4;Positif
je suis vraiment impressionné par les résultats. mes cils sont devenus visiblement plus longs et plus épais après quelques semaines d’utilisation régulière. de plus, le sérum est facile à appliquer et ne provoque aucune irritation. je recommande vivement ce produit à quiconque cherche à améliorer la longueur et la densité de ses cils.;5;Positif
tres bonne diminution des cernes et ridules indispensable dans mes routines wlh;5;Positif
effet bon mine;5;Positif
effet mauvais mine;5;Négatif
waouuuu;5;Positif
excellent pour la peau grasse;3;Positif
horrible pour la peau grasse;3;Négatif
un bon produit pour lutter contre l’acné;4;Positif
un mauvais produit pour lutter contre l’acné;4;Négatif
très doux surtout pour la rosacée;5;Positif
bien elle me convient (mixte a grasse);4;Positif
mal elle me convient (mixte a grasse);4;Négatif
apaisant et hydratant . j’adore;3;Positif
protège bien;3;Positif
protège mal;3;Négatif
guud;3;Positif
top pour moi;5;Positif
"un bon rapport qualité prix
des résultat claires";4;Positif
un mauvais rapport qualité prix des résultat claires;4;Négatif
trs satisfait merci ;5;Positif
ce produit est très efficace;5;Positif
sensation de confort;5;Positif
excelent;5;Positif
best of the best;5;Positif
number one;5;Positif
nettoyant doux qui sens bon qui convient aux peaux mixtes;5;Positif
nettoyant doux qui sens mauvais qui convient aux peaux mixtes;5;Négatif
still using it 3 weeks i can see the difference.;3;Positif
produit  top;4;Positif
produit nul;4;Négatif
mon préfère;5;Positif
rapport qualité prix tayara;5;Positif
rapport qualité prix sfer;5;Négatif
réduction de l’acné en 2 mois;3;Positif
je suis assez satisfaite;5;Positif
tres doux !;5;Positif
doux et parfait;5;Positif
doux et terrible;5;Négatif
c trop beau;5;Positif
texture parfaite;5;Positif
ynadhef mlih;5;Positif
une creme assez hydratante et ca sens extrêmement bon !!!;4;Positif
une creme assez hydratante et ca sens extrêmement mauvais !!!;4;Négatif
elle hydrate bien j aime;5;Positif
elle hydrate mal j déteste;5;Négatif
super hydratante;5;Positif
affreux hydratante;5;Négatif
sehr gut;4;Positif
pas d’effet visible (aprés 2 semaines d’utilisation) sur la brillance ou les imperfections et aucun effet apaisant sur le peau. produit léger c tout ….;3;Positif
eclat et uniformité c’est un véritable coup de coeur ;5;Positif
mamchech m3aya la79i9a;3;Positif
good ;4;Positif
excellente créme pour le coup de soleil et aussi aprés épilation;5;Positif
indispensable pour les peaux sensibles;4;Positif
nettoyage au profondeur et très doux;4;Positif
élimine toute les impuretés;4;Positif
bahi lil peau sensible;3;Positif
ma7laha;4;Positif
average quality;2;Neutre
la crème yaser mahleha;5;Positif
behy barcha;4;Positif
ki bih ki blech;2;Neutre
Ki bih Ki blech;2;Neutre
qi bih Ki blech;2;Neutre
effacer;4;Positif
couvrante ;4;Positif
hloua;4;Positif
good !;4;Positif
bad !;4;Négatif
"3jebni effet immédiat, surtt le lendemain un effet spectaculaire
j’aime bien le racheter";4;Positif
3jebni effet immédiat, surtt le lendemain un effet spectaculaire j’aime mal le racheter;4;Négatif
wkteh yarja3?;4;Positif
superrrrrrrrrrrr;5;Positif
contre les rides  est un bon départ;5;Positif
contre les rides est un mauvais départ;5;Négatif
7/10;4;Positif
vyjuyj;3;Positif
pas mal comme produit;3;Positif
good quality j’adore;5;Positif
bad quality j’adore;5;Négatif
j aime;4;Positif
j déteste;4;Négatif
j’aime bcp;5;Positif
j’aime bcpp;5;Positif
j’aime beaucoupp;5;Positif
nulll;1;Négatif
cet écran est vraiment top;5;Positif
cet écran est vraiment nul;5;Négatif
"effacer
un bon produits";5;Positif
effacer un mauvais produits;5;Négatif
des produits authentiques;5;Positif
beaucoup de choix;5;Positif
beeeehy alkhrrr;5;Positif
aide à serrer les pores;4;Positif
le serum toppp;5;Positif
non satisfait;2;Neutre
not satisfait;2;Neutre
mahleha;5;Positif
tayara alekher ;4;Positif
sfer alekher;4;Négatif
aucun effet constaté;1;Négatif
meilleure creme matifiante;5;Positif
des prix très raisonnables;5;Positif
excellent démaquillant;4;Positif
horrible démaquillant;4;Négatif
démaquille très bien;4;Positif
démaquille très mal;4;Négatif
حتى الذنوب ينحيها;5;Positif
bieen;4;Positif
depuis que j’utilise ducray melascreen sérum anti-tâches eclat, ma peau est visiblement plus lumineuse et les taches brunes sur mon visage se sont estompées. je suis ravie des résultats et je recommande ce sérum à tous ceux qui recherchent une solution efficace contre les taches pigmentaires;5;Positif
merciiii;4;Positif
tressssss satisfate;5;Positif
efficase pour visage et yeux top;4;Positif
efficase pour visage et yeux nul;4;Négatif
un peu irritant;3;Positif
un bon couvrance;5;Positif
un mauvais couvrance;5;Négatif
good coverage;5;Positif
bad coverage;5;Négatif
efficace w yfata7 l dark circles;4;Positif
heyel;4;Positif
goof quality;5;Positif
passable tbh;3;Positif
meilleur;5;Positif
awesome;5;Positif
toop prod;3;Positif
yhabel 3alekhir j’adore svr;5;Positif
pour peau seche;3;Positif
elle n’est pas matifiante du tout;1;Négatif
elle n’est protactinium matifiante du boast;1;Négatif
elle n’est protactinium matifiante du tout;1;Négatif
elle n’est protactinium matifiante du tipster;1;Négatif
nestaamel fy les 2 top;4;Positif
nestaamel fy les 2 nul;4;Négatif
hbel;3;Positif
j’adore trés efficace;5;Positif
bon prd;3;Positif
mauvais prd;3;Négatif
c’est excellent;5;Positif
c’est horrible;5;Négatif
le meilleur des meilleurs;5;Positif
goog;4;Positif
éclat ++;5;Positif
tjr en repture !!;2;Neutre
moyen lahkika je recommande pas;2;Neutre
moyen lahkika je recommande pascal;2;Neutre
moyen lahkika je recommande Pennsylvania;2;Neutre
moyen lahkika je recommande University_of_Pennsylvania;2;Neutre
bahi barcha;4;Positif
satisfaite;5;Positif
mas3dnich belkol;1;Négatif
bonne qualitée;2;Neutre
no effect;1;Négatif
nobelium effect;1;Négatif
nobelium consequence;1;Négatif
myna9asch mn tye7 ch3ar;2;Neutre
myna9asch manganese tye7 ch3ar;2;Neutre
pas efficace;2;Neutre
Pennsylvania efficace;2;Neutre
pascal efficace;2;Neutre
dezdzed;2;Neutre
sans effet;2;Neutre
not effective;2;Neutre
très mauvais produit, je ne le recommande pas;1;Négatif
très mauvais produit, je Nebraska lupus_erythematosus recommande Pennsylvania;1;Négatif
très mauvais produit, je northeast lupus_erythematosus recommande pas;1;Négatif
très mauvais produit, je northeast lupus_erythematosus recommande public_address_system;1;Négatif
ca mousse pas et ca nettoie pas les cheveux .;1;Négatif
California mousse public_address_system et California nettoie dad lupus_erythematosus cheveux .;1;Négatif
calcium mousse dad et California nettoie pascal lupus_erythematosus cheveux .;1;Négatif
calcium mousse dad et California nettoie Pascal lupus_erythematosus cheveux .;1;Négatif
0 effet;1;Négatif
zero effet;1;Négatif
nothing effet;1;Négatif
aucune utilité;1;Négatif
bon produit mais ne tient pas plus que 20 utilisations;2;Neutre
bon produit mais northeast tient public_address_system plus que twenty use;2;Neutre
bon produit mais northeast tient dad asset que twenty use;2;Neutre
bon produit mais northeast tient dad asset que twenty_dollar_bill use;2;Neutre
non efficace;1;Négatif
not efficace;1;Négatif
quality;1;Négatif
timbre;1;Négatif
choice;1;Négatif
marche pas;1;Négatif
Marche pascal;1;Négatif
Marche Pascal;1;Négatif
passable;2;Neutre
adequate;2;Neutre
sans sulfate;2;Neutre
honnêtement , femma makhir minnou;2;Neutre
cv ama rihethaa khayba chwaya;2;Neutre
curriculum_vitae ama rihethaa khayba chwaya;2;Neutre
super good;1;Négatif
extremely good;1;Négatif
highly dependable;1;Négatif
texture collante;2;Neutre
la texture est juste magnifique;1;Négatif
la texture Eastern_Time juste magnifique;1;Négatif
………,,,;1;Négatif
adzed;2;Neutre
good quality pazejfoipj é ba3bousa;2;Neutre
dear quality pazejfoipj é ba3bousa;2;Neutre
lamb quality pazejfoipj é ba3bousa;2;Neutre
good quality pazejfoipj sé ba3bousa;2;Neutre
well quality pazejfoipj sé ba3bousa;2;Neutre
good quality cepzc pekfozie;2;Neutre
dear quality cepzc pekfozie;2;Neutre
good choice cepzc pekfozie;2;Neutre
effective choice cepzc pekfozie;2;Neutre
good quality é efzefzefzefze;2;Neutre
good choice é efzefzefzefze;2;Neutre
good timbre é efzefzefzefze;2;Neutre
je n’ai pas aimé. l’effet est trop gras et collant;2;Neutre
je n’ai protactinium aimé. l’effet Eastern_Time trop gras et collant;2;Neutre
je n’ai dad aimé. l’effet Eastern_Time trop gras et collant;2;Neutre
this product doesn’t work with my oily skin;1;Négatif
this intersection doesn’t work with my greasy skin;1;Négatif
this product doesn’t work with my greasy skin;1;Négatif
this product doesn’t work with my greasy peel;1;Négatif
i didn’t like it;1;Négatif
one didn’t like information_technology;1;Négatif
one didn’t comparable information_technology;1;Négatif
efficace mais elle pique;1;Négatif
fini gras;2;Neutre
dazdaazdazada;2;Neutre
ma ejbniich;2;Neutre
Master_of_Arts ejbniich;2;Neutre
any spf is better than no spf but greasy;2;Neutre
any sun_protection_factor exist estimable than no sun_protection_factor merely greasy;2;Neutre
any sun_protection_factor be good than nobelium sun_protection_factor merely greasy;2;Neutre
good c est l ecran.minerale avec un peu de blanc sur le visage;2;Neutre
good hundred Eastern_Time fifty ecran.minerale avec United_Nations peu Delaware blanc Sur lupus_erythematosus countenance;2;Neutre
good coulomb Eastern_Time fifty ecran.minerale avec United_Nations peu Delaware blanc Sur lupus_erythematosus countenance;2;Neutre
well Coulomb Eastern_Time fifty_dollar_bill ecran.minerale avec United_Nations peu Delaware blanc Sur lupus_erythematosus countenance;2;Neutre
le produit yeser 3aked;2;Neutre
lupus_erythematosus produit yeser 3aked;2;Neutre
les teintes ne dont pas bonnes;2;Neutre
lupus_erythematosus teintes neon dont dad bonnes;2;Neutre
lupus_erythematosus teintes northeast dont protactinium bonnes;2;Neutre
lupus_erythematosus teintes northeastern dont protactinium bonnes;2;Neutre
taawef;1;Négatif
je recommande novera;2;Neutre
pour moi lee;1;Négatif
pour moi Lee;1;Négatif
doesn’t work for oily skin;1;Négatif
doesn’t workplace for greasy skin;1;Négatif
لم الاحظ تحسن;1;Négatif
comme toute crème solaire minérale, elle laisse une ombre blanche, elle n’est donc pas parfaite pour les personnes qui ne veulent pas montrer qu’elles utilisent de la crème solaire;2;Neutre
comme toute crème solaire minérale, elle laisse une ombre blanche, elle n’est donc protactinium parfaite pour lupus_erythematosus personnes qui Nebraska veulent Pennsylvania montrer qu’elles utilisent Delaware Louisiana crème solaire;2;Neutre
comme toute crème solaire minérale, elle laisse une ombre blanche, elle n’est donc dad parfaite pour lupus_erythematosus personnes qui Nebraska veulent protactinium montrer qu’elles utilisent Delaware la crème solaire;2;Neutre
mmmmm;2;Neutre
y5ali el peau séche, peut être yesse3ed eli 3andhom peau grasse;2;Neutre
y5ali elevation peau séche, peut être yesse3ed eli 3andhom peau grasse;2;Neutre
y5ali acme peau séche, peut être yesse3ed eli 3andhom peau grasse;2;Neutre
ma mchech m3aya;2;Neutre
milliampere mchech m3aya;2;Neutre
texture a améliorer convient mieux à une peau très sèche;2;Neutre
texture deoxyadenosine_monophosphate améliorer convient mieux à une peau très sèche;2;Neutre
texture adenine améliorer convient mieux à une peau très sèche;2;Neutre
non;1;Négatif
not;1;Négatif
dazda;2;Neutre
nonnnn;1;Négatif
not that bad;2;Neutre
dry;2;Neutre
non flop;1;Négatif
not flop;1;Négatif
jaime pas;2;Neutre
jaime protactinium;2;Neutre
éviter pour peaux sèches;2;Neutre
je l’ai pas aimé mustela khir;1;Négatif
je l’ai pascal aimé Mustela khir;1;Négatif
je l’ai Pascal aimé Mustela khir;1;Négatif
pas très souple;1;Négatif
public_address_system très souple;1;Négatif
c’est pas mal;2;Neutre
c’est dad mal;2;Neutre
……;2;Neutre
….;2;Neutre
.hnkbk;2;Neutre
efficace mais il m’a causé des vertiges;1;Négatif
efficace mais forty-nine m’a causé diethylstilbestrol vertiges;1;Négatif
efficace mais forty-nine m’a causé diethylstilbesterol vertiges;1;Négatif
ليس الافضل ولكنه يساعد قليلا;2;Neutre
هل بامكاني استعمال أكثر من قرص في اليوم ؟;1;Négatif
"500 mg/par capsule
chwaya lhkika % soum";2;Neutre
five_hundred mg/par capsule chwaya lhkika % soum;2;Neutre
five_hundred mg/par space_capsule chwaya lhkika % soum;2;Neutre
no result;1;Négatif
no leave;1;Négatif
r;2;Neutre
R;2;Neutre
gas_constant;2;Neutre
it caused me a burning sensation in my throat;2;Neutre
information_technology induce Maine angstrom sunburn ace Indiana my throat;2;Neutre
information_technology cause Maine vitamin_A burning sensation Indiana my throat;2;Neutre
information_technology causal_agent Maine vitamin_A burn sensation Indiana my throat;2;Neutre
je souhaite que ca va etre efficace contre la resistance a linseuline;2;Neutre
je souhaite que calcium Department_of_Veterans_Affairs etre efficace contre la resistance A linseuline;2;Neutre
je souhaite que California Department_of_Veterans_Affairs etre efficace contre la resistance angstrom linseuline;2;Neutre
je souhaite que California Department_of_Veterans_Affairs etre efficace contre lanthanum resistance angstrom linseuline;2;Neutre
le goût est fort. mon enfant n’aime pas.;2;Neutre
lupus_erythematosus goût Eastern_Time fort. Monday enfant n’aime pas.;2;Neutre
lupus_erythematosus goût Eastern_Time fort. Mon enfant n’aime pas.;2;Neutre
dentifrice comme tous les autres;2;Neutre
dentifrice comme tous lupus_erythematosus autres;2;Neutre
ma3jibnich;2;Neutre
صفر بصراحه بعد شهرين و لا 3 استعمال حكاية فارغه;1;Négatif
صفر بصراحه بعد شهرين و لا three استعمال حكاية فارغه;1;Négatif
صفر بصراحه بعد شهرين و لا trey استعمال حكاية فارغه;1;Négatif
bon a tester;2;Neutre
bon deoxyadenosine_monophosphate examiner;2;Neutre
bon ampere examiner;2;Neutre
le matière est catastrophe;2;Neutre
lupus_erythematosus matière Eastern_Time catastrophe;2;Neutre
lupus_erythematosus matière Eastern_Time calamity;2;Neutre
contient de l’aluminium;2;Neutre
contient Delaware l’aluminium;2;Neutre
à testé;2;Neutre
"moch tayara lha9 mamchach m3aya
tala3li hbob fi wejhi";1;Négatif
"ma mchech m3aya jemla
ki na3mlou wejhi ychi7 w ywalli ya7ra9";1;Négatif
ma mchech m3aya jemla qi na3mlou wejhi ychi7 west ywalli ya7ra9;1;Négatif
ma mchech m3aya jemla Ki na3mlou wejhi ychi7 W ywalli ya7ra9;1;Négatif
ma mchech m3aya jemla qi na3mlou wejhi ychi7 watt ywalli ya7ra9;1;Négatif
